keyword,monthly_volume,intent,reason
"ip televizija",5000,Commercial,"Non-Canada market (Georgia / Balkans / Romania / French telco-ISP)"
"arabic iptv",500,Commercial,"Middle East / Arab"
"cctv5 iptv",500,Commercial,"Asian (South Asia / Philippines / China)"
"iptv arab",500,Commercial,"Middle East / Arab"
"iptv arabic",500,Commercial,"Middle East / Arab"
"iptv cctv5",500,Commercial,"Asian (South Asia / Philippines / China)"
"iptv freebox",500,Informational,"Non-Canada market (Georgia / Balkans / Romania / French telco-ISP)"
"iptvfrance",500,Commercial,"Non-Canada market (Georgia / Balkans / Romania / French telco-ISP)"
"tamil iptv",500,Commercial,"Asian (South Asia / Philippines / China)"
"arabic iptv box",50,Commercial,"Middle East / Arab"
"arabic tv box",50,Commercial,"Middle East / Arab"
"canale romanesti iptv",50,Commercial,"Non-Canada market (Georgia / Balkans / Romania / French telco-ISP)"
"desi iptv",50,Commercial,"Asian (South Asia / Philippines / China)"
"great bee arabic tv box",50,Commercial,"Middle East / Arab"
"iptv africa",50,Commercial,"African"
"iptv dstv",50,Commercial,"African"
"iptv ge imedi",50,Commercial,"Non-Canada market (Georgia / Balkans / Romania / French telco-ISP)"
"iptv kanali",50,Informational,"Non-Canada market (Georgia / Balkans / Romania / French telco-ISP)"
"iptv orange",50,Commercial,"Non-Canada market (Georgia / Balkans / Romania / French telco-ISP)"
"jio iptv",50,Commercial,"Asian (South Asia / Philippines / China)"
"lebanese iptv",50,Commercial,"Middle East / Arab"
"lebaneseiptv",50,Commercial,"Middle East / Arab"
"startimes iptv",50,Commercial,"African"
"tamiliptv",50,Commercial,"Asian (South Asia / Philippines / China)"
"tashan iptv",50,Commercial,"Asian (South Asia / Philippines / China)"
"tfc iptv",50,Commercial,"Asian (South Asia / Philippines / China)"