kw	vol	intent
ip tv smarters pro	50000	Commercial
iptv	50000	Commercial
tivi mate	50000	Commercial
tivimate	50000	Commercial
iptv canada	12100	Commercial
iptv québec	9900	Commercial
iptv box	8400	Commercial
cloud stream	5000	Commercial
diablo iptv	5000	Commercial
forevertv	5000	Commercial
formuler z11	5000	Commercial
formuler z11 pro	5000	Commercial
formuler z11 pro max	5000	Commercial
implayer	5000	Commercial
ip television	5000	Commercial
ip televizija	5000	Commercial
ip tv box	5000	Commercial
ip tv smart	5000	Commercial
ip tv subscription	5000	Commercial
iptv from canada	5000	Commercial
iptv player	5000	Commercial
iptv providers	5000	Commercial
iptv reddit	5000	Informational
iptv smarters	5000	Commercial
iptv subscribe	5000	Commercial
iptv tv	5000	Commercial
iptvapp	5000	Commercial
iptvpro	5000	Commercial
mytvonline	5000	Commercial
pandar tv	5000	Commercial
provider iptv	5000	Commercial
smart4iptv	5000	Commercial
smarters players lite	5000	Commercial
smarters pro	5000	Commercial
smarterspro	5000	Commercial
stb emu pro	5000	Commercial
stbemu pro	5000	Commercial
xc iptv	5000	Commercial
xtream iptv	5000	Commercial
xtreme hd iptv	5000	Commercial
free trial iptv	2900	Commercial
iptv free trial	2900	Commercial
iptv with box	2400	Commercial
iptv near me	1900	Commercial
iptv subscription	1600	Commercial
best iptv for canada	1300	Commercial
best iptv in canada	1300	Commercial
iptv legal	1300	Commercial
iptv server	1300	Informational
iptv subscription canada	1300	Commercial
best iptv service canada	1200	Commercial
iptv providers canada	1200	Commercial
iptv resellers	1200	Commercial
iptv service	1200	Commercial
iptv smarter	1200	Commercial
iptv supplier	1200	Commercial
smart iptv	1100	Commercial
iptv canadian	980	Commercial
best iptv 2026	880	Commercial
best iptv canada	880	Commercial
canada iptv	880	Commercial
canadian iptv	880	Commercial
iptv in canada	880	Commercial
iptv world	880	Commercial
online iptv	880	Commercial
edge iptv	720	Commercial
iptv areas	720	Informational
iptv back canada	720	Commercial
best iptv canada 2026	590	Commercial
best iptv near me	590	Commercial
best iptv provider canada	590	Commercial
best iptv resell	590	Commercial
best iptv services	590	Commercial
ib iptv	590	Commercial
iptv 4k	590	Commercial
iptv 4k near me	590	Commercial
iptv canada reviews	590	Commercial
iptv firestick	590	Commercial
iptv for canada	590	Commercial
iptv formula	590	Informational
iptv in edmonton	590	Commercial
nap iptv	590	Commercial
reddit iptv	590	Informational
8k iptv	500	Commercial
abonnementiptv	500	Commercial
alibaba iptv	500	Commercial
amazon fire stick iptv	500	Commercial
amazon fire tv stick iptv	500	Commercial
amazon iptv box	500	Commercial
android iptv player	500	Commercial
apollo iptv	500	Commercial
arabic iptv	500	Commercial
atlaspro	500	Commercial
b1g iptv	500	Commercial
beastiptv	500	Commercial
best android box for iptv	500	Commercial
best android tv box for iptv	500	Commercial
best iptv	500	Commercial
best iptv box	500	Commercial
best iptv for firestick	500	Commercial
best iptv for sports	500	Commercial
best iptv provider	500	Commercial
best iptv provider reddit	500	Commercial
best iptv reddit	500	Commercial
best iptv service	500	Commercial
best iptv service provider	500	Commercial
best iptv service reddit	500	Commercial
best iptv subscription	500	Commercial
box android iptv	500	Commercial
box formuler	500	Commercial
box iptv	500	Commercial
box iptv 4k	500	Commercial
buy iptv	500	Commercial
cctv5 iptv	500	Commercial
cheap iptv	500	Commercial
dino iptv	500	Commercial
dodo iptv	500	Commercial
dream iptv	500	Commercial
dreamlink t2	500	Commercial
e vision iptv	500	Commercial
eagle iptv	500	Commercial
elon iptv	500	Commercial
epic iptv	500	Commercial
evybuy	500	Commercial
extreme iptv	500	Commercial
fast iptv	500	Commercial
fastiptv	500	Commercial
fire tv iptv	500	Commercial
fire tv stick iptv	500	Commercial
flix ip tv	500	Commercial
flix iptv	500	Commercial
flixiptv	500	Commercial
formuler box	500	Commercial
formuler iptv box	500	Commercial
formuler tv box	500	Commercial
formuler z8	500	Commercial
formuler z8 pro	500	Commercial
foxiptv	500	Commercial
golden iptv	500	Commercial
goldiptv	500	Commercial
great iptv	500	Commercial
guru ip tv	500	Commercial
guru iptv	500	Commercial
hd iptv	500	Commercial
hot iptv	500	Commercial
hotiptv	500	Commercial
ip box tv	500	Commercial
ip tv amazon	500	Commercial
ip tv best	500	Commercial
ip tv list	500	Informational
ip tv online	500	Commercial
ip tv smart pro	500	Commercial
ip tv smarter pro	500	Commercial
ip tv smarters	500	Commercial
ip tv stream player	500	Commercial
ip tv vlc	500	Informational
iplaytv	500	Commercial
iptv amazon	500	Commercial
iptv android tv box	500	Commercial
iptv apple tv	500	Commercial
iptv arab	500	Commercial
iptv arabic	500	Commercial
iptv best	500	Commercial
iptv box amazon	500	Commercial
iptv box android	500	Commercial
iptv box near me	500	Commercial
iptv box price	500	Commercial
iptv cctv5	500	Commercial
iptv cost	500	Commercial
iptv deals	500	Commercial
iptv diablo	500	Commercial
iptv downloader	500	Informational
iptv epic	500	Commercial
iptv fire stick	500	Commercial
iptv firestick reddit	500	Commercial
iptv for firestick	500	Commercial
iptv for samsung tv	500	Informational
iptv fox	500	Commercial
iptv freebox	500	Informational
iptv iphone	500	Informational
iptv list	500	Informational
iptv live	500	Commercial
iptv légal	500	Commercial
iptv m3u	500	Informational
iptv m3u list	500	Informational
iptv max	500	Commercial
iptv meilleur	500	Commercial
iptv monster	500	Commercial
iptv on roku tv	500	Informational
iptv one	500	Commercial
iptv online player	500	Commercial
iptv pc	500	Informational
iptv plans	500	Commercial
iptv play list	500	Informational
iptv player m3u	500	Informational
iptv player pc	500	Informational
iptv premium	500	Commercial
iptv price	500	Commercial
iptv providers reddit	500	Commercial
iptv roku	500	Informational
iptv roku tv	500	Informational
iptv samsung tv	500	Informational
iptv servers	500	Informational
iptv service near me	500	Commercial
iptv service provider	500	Commercial
iptv services reddit	500	Commercial
iptv set top box	500	Commercial
iptv shark	500	Commercial
iptv site	500	Informational
iptv smart pro	500	Commercial
iptv smarter pro	500	Commercial
iptv smarters downloader	500	Informational
iptv smarters lite	500	Commercial
iptv smarters player	500	Commercial
iptv smarters pro android	500	Commercial
iptv smarters pro firestick	500	Commercial
iptv smarters pro free	500	Informational
iptv smarters pro pc	500	Informational
iptv smasters pro subscription	500	Commercial
iptv sport	500	Commercial
iptv stb	500	Commercial
iptv stbemu	500	Commercial
iptv stick	500	Commercial
iptv stream	500	Commercial
iptv stream player	500	Commercial
iptv streaming service	500	Commercial
iptv sub	500	Commercial
iptv subscription reddit	500	Commercial
iptv ufc	500	Commercial
iptv vlc	500	Informational
iptv vlc media player	500	Informational
iptv vlc player	500	Informational
iptv web	500	Informational
iptv website	500	Informational
iptv345	500	Commercial
iptvforum	500	Informational
iptvfrance	500	Commercial
iptvgreat	500	Commercial
iptvisuel	500	Commercial
iptvportal	500	Commercial
iptvx	500	Commercial
jellyfin iptv	500	Informational
kemo iptv	500	Commercial
kemo tv	500	Commercial
kemoiptv	500	Commercial
king365	500	Commercial
kingiptv	500	Commercial
kodi ip tv	500	Informational
kodi iptv	500	Informational
lion iptv	500	Commercial
liste m3u iptv	500	Informational
lux iptv	500	Commercial
m3u	500	Informational
m3u ip tv	500	Informational
m3u iptv	500	Informational
m3u list	500	Informational
mag 254	500	Commercial
mag 322	500	Commercial
mag box	500	Commercial
mag iptv	500	Commercial
mag iptv box	500	Commercial
mag iptv boxes	500	Commercial
mag tv box	500	Commercial
magic iptv	500	Commercial
mega ip tv	500	Commercial
mega iptv	500	Commercial
megaott	500	Commercial
meilleur ip tv	500	Commercial
meilleur iptv	500	Commercial
meilleure iptv	500	Commercial
mom iptv	500	Commercial
my iptv	500	Commercial
my sip tv	500	Commercial
my siptv	500	Commercial
myiptv player	500	Commercial
mytvonline 3	500	Commercial
nanomid	500	Commercial
nasa iptv	500	Commercial
ninja iptv	500	Commercial
online ip tv	500	Commercial
onn tv box	500	Commercial
ott tv	500	Commercial
ottiptv	500	Commercial
player m3u	500	Informational
plex iptv	500	Informational
pluto tv iptv	500	Informational
premium iptv	500	Commercial
private iptv	500	Commercial
reddit best iptv	500	Informational
roku tv iptv	500	Informational
set ip tv	500	Commercial
set iptv	500	Commercial
set top box iptv	500	Commercial
shark iptv	500	Commercial
siptv	500	Commercial
smart iptv player	500	Commercial
smart iptv pro	500	Commercial
smart player lite	500	Commercial
smarters iptv pro	500	Commercial
smarters player	500	Commercial
smarters pro iptv	500	Commercial
smartone iptv	500	Commercial
sonic iptv	500	Commercial
starshare iptv	500	Commercial
stbemu iptv	500	Commercial
stream iptv	500	Commercial
stremio iptv	500	Informational
strong iptv	500	Commercial
tamil iptv	500	Commercial
television iptv	500	Informational
titan iptv	500	Commercial
tivimate account	500	Commercial
tivimate apple tv	500	Commercial
tivimate com	500	Commercial
tivimate firestick	500	Commercial
tivimate for firestick	500	Commercial
tivimate iptv	500	Commercial
tivimate iptv player	500	Commercial
tivimate on firestick	500	Commercial
tivimate premium	500	Commercial
tivimate premium cost	500	Commercial
tivimate premium subscription	500	Commercial
tivimate price	500	Commercial
tivimate pro	500	Commercial
tivimate reddit	500	Informational
tivimate roku	500	Informational
tivimate subscription	500	Commercial
top iptv	500	Commercial
top iptv providers	500	Commercial
trex iptv	500	Commercial
troypoint iptv	500	Commercial
tv box mag	500	Commercial
tv ip	500	Informational
tvip s box	500	Commercial
vlc ip tv	500	Informational
bandwich iptv	490	Commercial
best iptv providers	490	Commercial
iptv control	490	Informational
iptv edge	490	Commercial
iptv foster	490	Commercial
iptv installer	490	Informational
iptv providers in canada	490	Commercial
iptv reviews	490	Commercial
iptv service canada	490	Commercial
iptv smarters pro	490	Commercial
best iptv app	320	Commercial
best latest iptv tool	320	Commercial
fire stick iptv	320	Commercial
iptv sim	320	Informational
iptv top	320	Commercial
la iptv	320	Commercial
list iptv	320	Informational
service iptv	320	Commercial
best canadian iptv provider	260	Commercial
best iptv apps	260	Commercial
best iptv channel	260	Commercial
iptv for beginners	260	Informational
iptv provider canada	260	Commercial
top rated iptv tool	260	Commercial
4k ott iptv	50	Commercial
5g iptv	50	Informational
5giptv	50	Commercial
ace iptv	50	Commercial
all iptv	50	Commercial
alliptv	50	Commercial
apollo tv iptv	50	Commercial
arabic iptv box	50	Commercial
arabic tv box	50	Commercial
area51 iptv	50	Commercial
aroma iptv	50	Commercial
astra iptv	50	Commercial
atlas iptv	50	Commercial
atlas pro iptv	50	Commercial
atlas pro ontv iphone	50	Informational
atlas pro ott	50	Commercial
atlaspro in	50	Commercial
atv iptv	50	Commercial
avatar iptv	50	Commercial
awesome iptv	50	Commercial
bestbuyiptv	50	Commercial
bird iptv	50	Commercial
blended iptv	50	Commercial
blink iptv	50	Commercial
blitzen iptv	50	Commercial
blue tv iptv	50	Commercial
bob iptv	50	Commercial
box tv iptv	50	Commercial
bravo iptv	50	Commercial
briz iptv	50	Commercial
buy iptv online	50	Commercial
buy iptv subscription	50	Commercial
buzztv xrs 4900	50	Commercial
buzztv xrs4500	50	Commercial
canal iptv	50	Commercial
canale romanesti iptv	50	Commercial
chrome iptv player	50	Informational
chromecast iptv	50	Commercial
cle amazon iptv	50	Informational
cle iptv amazon	50	Informational
clean iptv	50	Commercial
cobraiptv	50	Commercial
comparatif iptv	50	Commercial
coretv	50	Commercial
crazy iptv	50	Commercial
crystal iptv	50	Commercial
crystal ott	50	Commercial
crystal ott iptv	50	Commercial
ctv iptv	50	Commercial
dark iptv	50	Commercial
dark media iptv	50	Commercial
datoo iptv	50	Commercial
delta iptv	50	Commercial
deluxe iptv	50	Commercial
desi iptv	50	Commercial
digital iptv	50	Commercial
dlta 4k	50	Commercial
dlta 4k iptv	50	Commercial
dlta 4k tango pro	50	Commercial
dmtn iptv	50	Commercial
domino iptv	50	Commercial
dragon iptv	50	Commercial
dragoniptv	50	Commercial
dream player iptv	50	Commercial
dream tv iptv	50	Commercial
dreamlink box	50	Commercial
dreamlink t3	50	Commercial
dreamtv mini ultra hd	50	Commercial
duplecast	50	Commercial
duplecast iptv	50	Commercial
dynasty iptv	50	Commercial
eagle tv iptv	50	Commercial
easy iptv	50	Commercial
ebay iptv	50	Commercial
electro iptv	50	Commercial
elite iptv	50	Commercial
eloniptv	50	Commercial
emby iptv	50	Informational
empire iptv	50	Commercial
eternal iptv	50	Commercial
eternal tv iptv	50	Commercial
euro iptv	50	Commercial
euroiptv	50	Commercial
eva iptv	50	Commercial
evdtv	50	Commercial
evo iptv	50	Commercial
evolution iptv	50	Commercial
expressiptv	50	Commercial
extra iptv	50	Commercial
extreme iptv pro	50	Commercial
extreme tv	50	Commercial
f1 iptv	50	Commercial
falconiptv	50	Commercial
fame iptv	50	Commercial
family 4k iptv	50	Commercial
family iptv	50	Commercial
fastiger iptv	50	Commercial
firestick iptv reddit	50	Commercial
firestick ly73pr	50	Informational
firestick tivimate	50	Commercial
flex iptv	50	Commercial
flex iptv player	50	Commercial
flix iptv player	50	Commercial
flixtv iptv	50	Commercial
flux iptv	50	Commercial
forever iptv	50	Commercial
formuler z nano	50	Commercial
formuler z neo	50	Commercial
formuler z+	50	Commercial
formuler z10 pro max 4k	50	Commercial
formuler z10 pro max iptv	50	Commercial
formuler z10 se	50	Commercial
formuler z7	50	Commercial
formuler z7+	50	Commercial
formuler z8 pro 4k	50	Commercial
formuler zx	50	Commercial
fortune iptv	50	Commercial
full iptv	50	Commercial
gamma iptv	50	Commercial
gamma iptv subscription	50	Commercial
gecko iptv	50	Commercial
gecko iptv player	50	Commercial
gemini streamz	50	Commercial
gemini streamz iptv	50	Commercial
geo iptv	50	Commercial
geoiptv	50	Commercial
get iptv	50	Commercial
ghost iptv	50	Commercial
global tv box	50	Commercial
glory iptv	50	Commercial
golds tv iptv	50	Commercial
good iptv	50	Commercial
gotit iptv	50	Commercial
gotv iptv	50	Commercial
great bee arabic tv box	50	Commercial
gse iptv chromecast	50	Informational
gseiptv	50	Commercial
harmo iptv	50	Commercial
hbo max iptv	50	Informational
helix iptv	50	Commercial
homatics box q	50	Commercial
hulk iptv	50	Commercial
hydrogen iptv	50	Commercial
hypersonic iptv	50	Commercial
igate iptv	50	Commercial
iliria iptv	50	Commercial
im infomir	50	Commercial
implayer premium	50	Commercial
implayer tv	50	Informational
infinity iptv	50	Commercial
infomir iptv	50	Commercial
infomir mag	50	Commercial
infomir mag 254	50	Commercial
infomir mag 322	50	Commercial
infomir mag 524	50	Commercial
ip player	50	Commercial
ip smarter pro	50	Commercial
ip smarters pro	50	Commercial
ip tv 4k	50	Commercial
ip tv live	50	Commercial
ip tv m3u	50	Informational
ip tv netflix	50	Informational
ip tv pc	50	Informational
ip tv samsung	50	Informational
ip tv smart tv	50	Informational
ipguys	50	Commercial
iplay iptv	50	Commercial
iplaytv android	50	Informational
iplaytv apple tv	50	Informational
ipstreamz	50	Commercial
iptv 1	50	Commercial
iptv 1 mois	50	Commercial
iptv 12 mois	50	Commercial
iptv 12 months	50	Commercial
iptv 24	50	Commercial
iptv 24 7	50	Commercial
iptv 24h	50	Commercial
iptv 345	50	Commercial
iptv 365	50	Commercial
iptv 4k ott	50	Commercial
iptv 8k	50	Commercial
iptv a vie	50	Commercial
iptv account	50	Commercial
iptv africa	50	Commercial
iptv aliexpress	50	Commercial
iptv allplayer	50	Commercial
iptv amazon stick	50	Commercial
iptv amazon tv	50	Informational
iptv android	50	Informational
iptv android tv	50	Informational
iptv apollo	50	Commercial
iptv apple	50	Informational
iptv apple tv 4k	50	Informational
iptv bein	50	Commercial
iptv bein sport	50	Commercial
iptv bloqué	50	Informational
iptv browser	50	Informational
iptv champions league	50	Commercial
iptv checker	50	Informational
iptv checker online	50	Informational
iptv chrome	50	Informational
iptv chromecast	50	Commercial
iptv com	50	Commercial
iptv connect	50	Commercial
iptv connect pro	50	Commercial
iptv customer service	50	Informational
iptv deluxe	50	Commercial
iptv device	50	Commercial
iptv dino	50	Commercial
iptv dstv	50	Commercial
iptv dvr	50	Informational
iptv enigma2	50	Informational
iptv espn	50	Commercial
iptv eurosport	50	Commercial
iptv express	50	Commercial
iptv f1	50	Commercial
iptv fiable	50	Commercial
iptv flex	50	Commercial
iptv for lg webos	50	Informational
iptv formuler	50	Commercial
iptv full hd	50	Commercial
iptv ge imedi	50	Commercial
iptv gen	50	Commercial
iptv global	50	Commercial
iptv go	50	Commercial
iptv google chromecast	50	Informational
iptv google tv	50	Informational
iptv hbo	50	Informational
iptv hbo max	50	Informational
iptv high tech	50	Commercial
iptv hisense	50	Informational
iptv hub	50	Commercial
iptv ipad	50	Informational
iptv kanali	50	Informational
iptv laptop	50	Informational
iptv legale	50	Commercial
iptv lg	50	Informational
iptv lg smart	50	Informational
iptv lg tv	50	Informational
iptv lg webos	50	Informational
iptv lifetime	50	Commercial
iptv line	50	Commercial
iptv listas m3u	50	Informational
iptv liste	50	Informational
iptv lite	50	Commercial
iptv live tv	50	Commercial
iptv m3u8	50	Informational
iptv macbook	50	Informational
iptv main	50	Commercial
iptv media player	50	Commercial
iptv meilleur rapport qualité prix	50	Commercial
iptv mobile	50	Commercial
iptv mu3	50	Commercial
iptv mxl	50	Commercial
iptv nba	50	Commercial
iptv ne fonctionne plus	50	Informational
iptv netflix	50	Informational
iptv now	50	Commercial
iptv nvidia shield	50	Commercial
iptv on apple tv 4k	50	Informational
iptv on firestick reddit	50	Commercial
iptv orange	50	Commercial
iptv packages	50	Commercial
iptv pas cher	50	Commercial
iptv pour pc	50	Informational
iptv premier league	50	Commercial
iptv premium 4k	50	Commercial
iptv premium subscription	50	Commercial
iptv prix	50	Commercial
iptv promo	50	Commercial
iptv promotions	50	Commercial
iptv ps5	50	Informational
iptv purple	50	Commercial
iptv rapid	50	Commercial
iptv receiver	50	Commercial
iptv revolution	50	Commercial
iptv rive nord	50	Commercial
iptv samsung	50	Informational
iptv samsung smart tv	50	Informational
iptv samsung tizen	50	Informational
iptv sans coupure	50	Commercial
iptv satellite	50	Commercial
iptv secured	50	Commercial
iptv series	50	Commercial
iptv set	50	Commercial
iptv sharing	50	Informational
iptv shop	50	Commercial
iptv sky sports	50	Commercial
iptv smart box	50	Commercial
iptv smart purple player	50	Commercial
iptv smart tv	50	Informational
iptv smarter pc	50	Informational
iptv smarter pro downloader	50	Informational
iptv smarters android	50	Informational
iptv smarters apple tv	50	Commercial
iptv smarters chromecast	50	Informational
iptv smarters com	50	Commercial
iptv smarters customer service	50	Informational
iptv smasters android tv	50	Informational
iptv smasters fire stick	50	Informational
iptv smasters firestick	50	Commercial
iptv smasters for firestick	50	Commercial
iptv smasters for pc	50	Informational
iptv smasters free	50	Informational
iptv smasters google play	50	Informational
iptv smasters iphone	50	Informational
iptv smasters lg	50	Informational
iptv smasters lg tv	50	Informational
iptv smasters m3u	50	Informational
iptv smasters mac	50	Informational
iptv smasters on firestick	50	Commercial
iptv smasters on roku tv	50	Informational
iptv smasters online	50	Commercial
iptv smasters pc	50	Informational
iptv smasters player android	50	Informational
iptv smasters player lite	50	Commercial
iptv smasters player samsung	50	Informational
iptv smasters pour pc	50	Informational
iptv smasters premium	50	Commercial
iptv smasters pro android tv	50	Informational
iptv smasters pro apple tv	50	Informational
iptv smasters pro com	50	Commercial
iptv smasters pro downloader	50	Informational
iptv smasters pro fire stick	50	Informational
iptv smasters pro for pc	50	Informational
iptv smasters pro introuvable google play	50	Informational
iptv smasters pro iphone	50	Informational
iptv smasters pro lg	50	Informational
iptv smasters pro live	50	Commercial
iptv smasters pro m3u	50	Informational
iptv smasters pro mac	50	Informational
iptv smasters pro macbook	50	Informational
iptv smasters pro ne fonctionne pas sur tv samsung	50	Informational
iptv smasters pro price	50	Commercial
iptv smasters pro roku	50	Informational
iptv smasters pro samsung tv	50	Informational
iptv smasters pro smart tv	50	Informational
iptv smasters pro sur pc	50	Informational
iptv smasters pro tv	50	Commercial
iptv smasters reddit	50	Informational
iptv smasters roku	50	Informational
iptv smasters roku tv	50	Informational
iptv smasters samsung	50	Informational
iptv smasters samsung tv	50	Informational
iptv smasters smart tv	50	Informational
iptv smasters subscription	50	Commercial
iptv smasters subscription reddit	50	Commercial
iptv smasters tv	50	Commercial
iptv smasters web	50	Commercial
iptv soccer	50	Commercial
iptv sony	50	Informational
iptv stable	50	Commercial
iptv stream player pro	50	Commercial
iptv stream pro	50	Commercial
iptv streamer pro	50	Commercial
iptv streamers	50	Informational
iptv studio	50	Commercial
iptv subscription ebay	50	Commercial
iptv sur apple tv	50	Informational
iptv sur chromecast	50	Informational
iptv sur fire stick	50	Informational
iptv sur iphone	50	Informational
iptv sur kodi	50	Informational
iptv sur mac	50	Informational
iptv sur pc	50	Informational
iptv sur ps5	50	Informational
iptv sur samsung	50	Informational
iptv sur smart tv	50	Informational
iptv sur tv samsung	50	Informational
iptv sur vlc	50	Informational
iptv tester	50	Informational
iptv tivimate	50	Commercial
iptv tizen	50	Informational
iptv today	50	Commercial
iptv trustpilot	50	Informational
iptv tune	50	Commercial
iptv viewer	50	Commercial
iptv vod	50	Commercial
iptv watch tv online	50	Commercial
iptv web browser	50	Informational
iptv what is it	50	Informational
iptv wifi	50	Informational
iptv world cup	50	Commercial
iptv x	50	Commercial
iptv1	50	Commercial
iptv12k	50	Commercial
iptv24	50	Commercial
iptv365	50	Commercial
iptv4less	50	Commercial
iptv4sat	50	Commercial
iptv4u	50	Commercial
iptv66	50	Commercial
iptv8k	50	Commercial
iptvfarm	50	Commercial
iptvgold	50	Commercial
iptvhut	50	Commercial
iptvone	50	Commercial
iptvplus	50	Commercial
iptvresale	50	Commercial
iptvshop	50	Commercial
iptvsmarterspro	50	Commercial
iptvstore	50	Commercial
iptvx android	50	Commercial
iptvx apple tv	50	Commercial
ironiptv	50	Commercial
istar iptv	50	Commercial
itec iptv	50	Commercial
iview iptv	50	Commercial
jarvis iptv	50	Commercial
jio iptv	50	Commercial
joker iptv	50	Commercial
kemo iptv reddit	50	Commercial
kemo sat iptv	50	Commercial
kemo sat tv	50	Commercial
key iptv	50	Commercial
king365 iptv	50	Commercial
king365 tv	50	Commercial
king365tv	50	Commercial
king365tv box v2	50	Commercial
king365tv box v3	50	Commercial
kingtv365	50	Commercial
kodi iptv m3u	50	Informational
kodi live tv	50	Informational
kodi m3u	50	Informational
lazy iptv	50	Commercial
lazyiptv deluxe	50	Commercial
le meilleur iptv	50	Commercial
lebanese iptv	50	Commercial
lebaneseiptv	50	Commercial
lecteur iptv	50	Commercial
lecteur m3u en ligne	50	Informational
legends iptv	50	Commercial
les meilleurs iptv	50	Commercial
lex iptv	50	Commercial
lifetime iptv	50	Commercial
lionz iptv	50	Commercial
liste iptv m3u fr	50	Informational
liste m3u	50	Informational
live ip tv	50	Commercial
live iptv	50	Commercial
live tv player	50	Commercial
livego iptv	50	Commercial
local iptv	50	Commercial
lxtream	50	Commercial
lxtream android tv	50	Informational
lxtream player	50	Commercial
m3u checker	50	Informational
m3u downloader online	50	Informational
m3u kodi	50	Informational
m3u lista	50	Informational
m3u online	50	Informational
m3u player online	50	Informational
m3u player pc	50	Informational
m3u plex	50	Informational
m3u premium	50	Commercial
m3u vod	50	Informational
m3u8 iptv	50	Informational
m3u8 list	50	Informational
m3u8 tv	50	Informational
mac iptv	50	Informational
maestro iptv	50	Commercial
mag 250	50	Commercial
mag 256	50	Commercial
mag 324	50	Commercial
mag 410	50	Commercial
mag 420w1	50	Commercial
mag 424	50	Commercial
mag 424w3	50	Commercial
mag 425a	50	Commercial
mag 524	50	Commercial
mag 524w3	50	Commercial
mag box 322	50	Commercial
mag box 4k	50	Commercial
mag322w1	50	Commercial
magic tv iptv	50	Commercial
magnum iptv	50	Commercial
magnum ott	50	Commercial
mario iptv	50	Commercial
marvel iptv	50	Commercial
matrix iptv	50	Commercial
max iptv	50	Commercial
maxiptv	50	Commercial
media iptv	50	Commercial
mega ott	50	Commercial
megaiptv	50	Commercial
megaott iptv	50	Commercial
megaott net	50	Commercial
meilleur box iptv	50	Commercial
meilleur lecteur iptv	50	Commercial
meilleur lecteur iptv android	50	Commercial
meilleur service iptv	50	Commercial
mi box iptv	50	Commercial
mitvpro	50	Commercial
momiptv	50	Commercial
moul iptv	50	Commercial
mu3 iptv	50	Commercial
mxl iptv	50	Commercial
mxl tv	50	Commercial
my hd iptv	50	Commercial
my ip tv	50	Commercial
myhd iptv	50	Commercial
myiptv 4k	50	Commercial
nanomid com	50	Commercial
nanomid iptv	50	Commercial
nasaiptv	50	Commercial
necro iptv	50	Commercial
neo iptv	50	Commercial
neotv pro	50	Commercial
neox2 iptv	50	Commercial
nettv iptv	50	Commercial
new iptv	50	Commercial
nikon iptv	50	Commercial
nikoniptv	50	Commercial
nitro iptv	50	Commercial
nord iptv	50	Commercial
nova iptv	50	Commercial
nova max iptv	50	Commercial
nvidia shield iptv	50	Commercial
ok2 iptv	50	Commercial
one iptv	50	Commercial
one tv iptv	50	Commercial
onetv iptv	50	Commercial
onpoint iptv	50	Commercial
open iptv	50	Commercial
opus iptv	50	Commercial
ott navigator premium	50	Commercial
ott pro box	50	Commercial
paid iptv	50	Commercial
panda iptv	50	Commercial
pandaiptv	50	Commercial
pandar iptv	50	Commercial
pelican iptv	50	Commercial
perfect iptv	50	Commercial
perfectiptv	50	Commercial
phoenix iptv	50	Commercial
platinum iptv	50	Commercial
play list iptv	50	Informational
playiptv	50	Commercial
plex iptv m3u	50	Informational
plex m3u	50	Informational
plus iptv	50	Commercial
pluto iptv	50	Commercial
pluto tv m3u	50	Informational
premier iptv	50	Commercial
prestige iptv	50	Commercial
primeiptv	50	Commercial
prix iptv	50	Commercial
pro iptv	50	Commercial
pure iptv	50	Commercial
pureiptv	50	Commercial
purple iptv	50	Commercial
quzu iptv	50	Commercial
quzu tv	50	Commercial
rapidiptv	50	Commercial
real iptv	50	Commercial
realiptv	50	Commercial
reddit tivimate	50	Informational
rediptv	50	Commercial
redline iptv	50	Commercial
roku express iptv	50	Informational
room iptv	50	Commercial
roomiptv	50	Commercial
royal iptv	50	Commercial
royaliptv	50	Commercial
samsung iptv smarters	50	Informational
samsung tizen iptv	50	Informational
sapphire iptv	50	Commercial
sapphire tv	50	Commercial
sat iptv	50	Commercial
simpleiptv	50	Commercial
sip tv	50	Commercial
siptv list	50	Informational
siptv my list	50	Informational
sky iptv	50	Commercial
skyline iptv	50	Commercial
sleek iptv	50	Commercial
smart iptv android tv	50	Informational
smart iptv com	50	Commercial
smart iptv downloader	50	Informational
smart iptv fire stick	50	Informational
smart iptv firestick	50	Informational
smart iptv list	50	Informational
smart iptv m3u	50	Informational
smart iptv mac	50	Informational
smart iptv my list	50	Informational
smart iptv pc	50	Informational
smart iptv premium	50	Commercial
smart iptv samsung	50	Informational
smart iptv sony	50	Informational
smart plus iptv	50	Commercial
smart pro iptv	50	Commercial
smart stb tv	50	Commercial
smarter player pro	50	Commercial
smarters iptv firestick	50	Commercial
smarters lite	50	Commercial
smarters player lite chromecast	50	Informational
smarters player lite firestick	50	Commercial
smarters player lite samsung tv	50	Informational
smarters player lite sur tv samsung	50	Informational
smarters player lite tv	50	Informational
smarters player pro	50	Commercial
smarters player tv	50	Commercial
smarters pro firestick	50	Commercial
smarters pro lite	50	Commercial
smarters pro pc	50	Informational
smarters pro tv	50	Commercial
smarters tv	50	Commercial
smarters tv pro	50	Commercial
smarterstv	50	Commercial
smartgo iptv	50	Commercial
smartone iptv com	50	Commercial
smartone iptv com generate	50	Commercial
smartone iptv generate	50	Commercial
smasters player lite télécharger	50	Informational
sniper iptv	50	Commercial
soplayer iptv	50	Commercial
space iptv	50	Commercial
spider iptv	50	Commercial
sportz iptv	50	Commercial
sportz tv iptv	50	Commercial
sstv iptv	50	Commercial
star iptv	50	Commercial
stariptv	50	Commercial
starlink iptv	50	Informational
starsat iptv	50	Commercial
startimes iptv	50	Commercial
stbemu 4k	50	Commercial
stbemu pro firestick	50	Commercial
streamy iptv	50	Commercial
streamz iptv	50	Commercial
strymtv for pc	50	Commercial
super iptv	50	Commercial
supernova iptv	50	Commercial
tamiliptv	50	Commercial
tanggula x5	50	Commercial
tashan iptv	50	Commercial
tele iptv	50	Commercial
tfc iptv	50	Commercial
the best iptv	50	Commercial
the best iptv service	50	Commercial
thunder iptv	50	Commercial
tiger iptv	50	Commercial
tivimate account premium	50	Commercial
tivimate android tv	50	Informational
tivimate chromecast	50	Informational
tivimate companion iphone	50	Informational
tivimate for pc	50	Informational
tivimate iptv player premium	50	Commercial
tivimate lg	50	Informational
tivimate m3u	50	Informational
tivimate mac	50	Informational
tivimate pc	50	Informational
tivimate player	50	Commercial
tivimate premium account	50	Commercial
tivimate premium firestick	50	Commercial
tivimate premium price	50	Commercial
tivimate premium prix	50	Commercial
tivimate samsung	50	Informational
tivimate samsung tv	50	Informational
tivimate website	50	Commercial
tnt iptv	50	Commercial
top 10 iptv	50	Commercial
top 5 iptv	50	Commercial
top1iptv	50	Commercial
trial iptv	50	Commercial
troypoint live net tv	50	Commercial
troypoint tivimate	50	Informational
trustpilot iptv	50	Informational
tv ip box	50	Commercial
tv m3u	50	Informational
tv plus iptv	50	Commercial
tv smarters	50	Commercial
tv smarters pro	50	Commercial
tv team iptv	50	Commercial
tvip 605	50	Commercial
tvip s box 605	50	Commercial
tvip s box v 525	50	Commercial
tvip s box v 605	50	Commercial
tvzon	50	Commercial
ugoos am7	50	Commercial
ukiptv	50	Commercial
ultimate iptv	50	Commercial
unifi iptv	50	Commercial
universal iptv	50	Commercial
universe iptv	50	Commercial
unoiptv	50	Commercial
vavoo iptv	50	Commercial
vavoo kodi	50	Informational
venom iptv	50	Commercial
vidaa iptv	50	Informational
viper iptv	50	Commercial
vipiptv	50	Commercial
vision iptv	50	Commercial
vod m3u	50	Informational
voodoo iptv	50	Commercial
watch iptv	50	Commercial
watched iptv	50	Commercial
web iptv smarters	50	Informational
webos iptv	50	Informational
wise iptv	50	Commercial
wise iptv player	50	Commercial
wizard iptv	50	Commercial
wolf iptv	50	Commercial
world cup iptv	50	Commercial
worldwide iptv	50	Commercial
x iptv	50	Commercial
xciptv firestick	50	Commercial
xciptv for firestick	50	Commercial
xciptv pro	50	Commercial
xciptv tv	50	Commercial
xiaomi iptv	50	Commercial
xiaomi iptv box	50	Commercial
xiptv	50	Commercial
xtream iptv m3u	50	Informational
xtream tv	50	Commercial
xtreamtv	50	Commercial
xtreme hd iptv reddit	50	Commercial
yeah iptv	50	Commercial
zina iptv	50	Commercial
zoom iptv	50	Commercial