keyword,monthly_volume,intent,assigned_page,fallback_assignment
"ip tv smarters pro",50000,Commercial,/iptv-smarters-pro-download,false
"iptv",50000,Commercial,/,false
"tivi mate",50000,Commercial,/tivimate,false
"tivimate",50000,Commercial,/tivimate,false
"iptv canada",12100,Commercial,/iptv-canada,false
"iptv québec",9900,Commercial,/iptv-quebec,false
"iptv box",8400,Commercial,/iptv-box,false
"cloud stream",5000,Commercial,/iptv-service-canada,false
"diablo iptv",5000,Commercial,/diablo-iptv,false
"forevertv",5000,Commercial,/forever-tv,false
"formuler z11",5000,Commercial,/formuler-z11,false
"formuler z11 pro",5000,Commercial,/formuler-z11,false
"formuler z11 pro max",5000,Commercial,/formuler-z11,false
"implayer",5000,Commercial,/implayer,false
"ip television",5000,Commercial,/what-is-iptv,false
"ip tv box",5000,Commercial,/iptv-box,false
"ip tv smart",5000,Commercial,/iptv-smart-tv-canada,false
"ip tv subscription",5000,Commercial,/iptv-subscription,false
"iptv from canada",5000,Commercial,/iptv-canada,false
"iptv player",5000,Commercial,/iptv-player,false
"iptv providers",5000,Commercial,/iptv-providers-canada,false
"iptv reddit",5000,Informational,/best-iptv-reddit,false
"iptv smarters",5000,Commercial,/iptv-smarters-pro-download,false
"iptv subscribe",5000,Commercial,/iptv-subscription,false
"iptv tv",5000,Commercial,/what-is-iptv,false
"iptvapp",5000,Commercial,/iptv-player,false
"iptvpro",5000,Commercial,/iptv-player,false
"mytvonline",5000,Commercial,/mytvonline,false
"pandar tv",5000,Commercial,/iptv-provider-alternatives,true
"provider iptv",5000,Commercial,/iptv-providers-canada,false
"smart4iptv",5000,Commercial,/smart-iptv-app,false
"smarters players lite",5000,Commercial,/iptv-smarters-pro-download,false
"smarters pro",5000,Commercial,/iptv-smarters-pro-download,false
"smarterspro",5000,Commercial,/iptv-smarters-pro-download,false
"stb emu pro",5000,Commercial,/stbemu,false
"stbemu pro",5000,Commercial,/stbemu,false
"xc iptv",5000,Commercial,/xciptv,false
"xtream iptv",5000,Commercial,/xtream-iptv-player,false
"xtreme hd iptv",5000,Commercial,/xtream-iptv-player,false
"free trial iptv",2900,Commercial,/free-trial,false
"iptv free trial",2900,Commercial,/free-trial,false
"iptv with box",2400,Commercial,/iptv-with-box,false
"iptv near me",1900,Commercial,/iptv-near-me,false
"iptv subscription",1600,Commercial,/iptv-subscription,false
"best iptv for canada",1300,Commercial,/best-iptv-canada,false
"best iptv in canada",1300,Commercial,/best-iptv-canada,false
"iptv legal",1300,Commercial,/blog/is-iptv-legal-canada,false
"iptv server",1300,Informational,/iptv-server,false
"iptv subscription canada",1300,Commercial,/iptv-subscription,false
"best iptv service canada",1200,Commercial,/best-iptv-canada,false
"iptv providers canada",1200,Commercial,/iptv-providers-canada,false
"iptv resellers",1200,Commercial,/iptv-resellers,false
"iptv service",1200,Commercial,/iptv-service-canada,false
"iptv smarter",1200,Commercial,/iptv-smarters-pro-download,false
"iptv supplier",1200,Commercial,/iptv-providers-canada,false
"smart iptv",1100,Commercial,/smart-iptv-app,false
"iptv canadian",980,Commercial,/iptv-canada,false
"best iptv 2026",880,Commercial,/best-iptv-canada,false
"best iptv canada",880,Commercial,/best-iptv-canada,false
"canada iptv",880,Commercial,/iptv-canada,false
"canadian iptv",880,Commercial,/iptv-canada,false
"iptv in canada",880,Commercial,/iptv-canada,false
"iptv world",880,Commercial,/iptv-provider-alternatives,true
"online iptv",880,Commercial,/iptv-service-canada,false
"edge iptv",720,Commercial,/iptv-provider-alternatives,true
"iptv areas",720,Informational,/iptv-near-me,false
"iptv back canada",720,Commercial,/iptv-canada,false
"best iptv canada 2026",590,Commercial,/best-iptv-canada,false
"best iptv near me",590,Commercial,/iptv-near-me,false
"best iptv provider canada",590,Commercial,/best-iptv-canada,false
"best iptv resell",590,Commercial,/iptv-resellers,false
"best iptv services",590,Commercial,/best-iptv-service,false
"ib iptv",590,Commercial,/iptv-provider-alternatives,true
"iptv 4k",590,Commercial,/iptv-4k,false
"iptv 4k near me",590,Commercial,/iptv-near-me,false
"iptv canada reviews",590,Commercial,/iptv-reviews,false
"iptv firestick",590,Commercial,/iptv-firestick-canada,false
"iptv for canada",590,Commercial,/iptv-canada,false
"iptv formula",590,Informational,/iptv-provider-alternatives,true
"iptv in edmonton",590,Commercial,/iptv-edmonton,false
"nap iptv",590,Commercial,/iptv-provider-alternatives,true
"reddit iptv",590,Informational,/best-iptv-reddit,false
"8k iptv",500,Commercial,/iptv-4k,false
"abonnementiptv",500,Commercial,/fr/abonnement-iptv,false
"alibaba iptv",500,Commercial,/buy-iptv,false
"amazon fire stick iptv",500,Commercial,/iptv-firestick-canada,false
"amazon fire tv stick iptv",500,Commercial,/iptv-firestick-canada,false
"amazon iptv box",500,Commercial,/iptv-box,false
"android iptv player",500,Commercial,/iptv-android-canada,false
"apollo iptv",500,Commercial,/apollo-iptv,false
"atlaspro",500,Commercial,/atlas-pro-iptv,false
"b1g iptv",500,Commercial,/iptv-provider-alternatives,true
"beastiptv",500,Commercial,/iptv-provider-alternatives,true
"best android box for iptv",500,Commercial,/best-android-tv-box,false
"best android tv box for iptv",500,Commercial,/best-android-tv-box,false
"best iptv",500,Commercial,/best-iptv-service,false
"best iptv box",500,Commercial,/iptv-box,false
"best iptv for firestick",500,Commercial,/best-iptv-for-firestick,false
"best iptv for sports",500,Commercial,/iptv-sports,false
"best iptv provider",500,Commercial,/best-iptv-service,false
"best iptv provider reddit",500,Commercial,/best-iptv-reddit,false
"best iptv reddit",500,Commercial,/best-iptv-reddit,false
"best iptv service",500,Commercial,/best-iptv-service,false
"best iptv service provider",500,Commercial,/best-iptv-service,false
"best iptv service reddit",500,Commercial,/best-iptv-reddit,false
"best iptv subscription",500,Commercial,/best-iptv-service,false
"box android iptv",500,Commercial,/best-android-tv-box,false
"box formuler",500,Commercial,/formuler-iptv-box,false
"box iptv",500,Commercial,/iptv-box,false
"box iptv 4k",500,Commercial,/iptv-box,false
"buy iptv",500,Commercial,/buy-iptv,false
"cheap iptv",500,Commercial,/cheap-iptv-canada,false
"dino iptv",500,Commercial,/diablo-iptv,false
"dodo iptv",500,Commercial,/iptv-provider-alternatives,true
"dream iptv",500,Commercial,/iptv-provider-alternatives,true
"dreamlink t2",500,Commercial,/dreamlink-iptv,false
"e vision iptv",500,Commercial,/iptv-provider-alternatives,true
"eagle iptv",500,Commercial,/iptv-provider-alternatives,true
"elon iptv",500,Commercial,/iptv-provider-alternatives,true
"epic iptv",500,Commercial,/iptv-provider-alternatives,true
"evybuy",500,Commercial,/buy-iptv,false
"extreme iptv",500,Commercial,/xtream-iptv-player,false
"fast iptv",500,Commercial,/iptv-provider-alternatives,true
"fastiptv",500,Commercial,/iptv-provider-alternatives,true
"fire tv iptv",500,Commercial,/iptv-firestick-canada,false
"fire tv stick iptv",500,Commercial,/iptv-firestick-canada,false
"flix ip tv",500,Commercial,/flix-iptv,false
"flix iptv",500,Commercial,/flix-iptv,false
"flixiptv",500,Commercial,/flix-iptv,false
"formuler box",500,Commercial,/formuler-iptv-box,false
"formuler iptv box",500,Commercial,/formuler-iptv-box,false
"formuler tv box",500,Commercial,/formuler-iptv-box,false
"formuler z8",500,Commercial,/formuler-z10-z8,false
"formuler z8 pro",500,Commercial,/formuler-z10-z8,false
"foxiptv",500,Commercial,/iptv-provider-alternatives,true
"golden iptv",500,Commercial,/premium-iptv,false
"goldiptv",500,Commercial,/premium-iptv,false
"great iptv",500,Commercial,/iptv-provider-alternatives,true
"guru ip tv",500,Commercial,/iptv-provider-alternatives,true
"guru iptv",500,Commercial,/iptv-provider-alternatives,true
"hd iptv",500,Commercial,/iptv-4k,false
"hot iptv",500,Commercial,/iptv-provider-alternatives,true
"hotiptv",500,Commercial,/iptv-provider-alternatives,true
"ip box tv",500,Commercial,/iptv-box,false
"ip tv amazon",500,Commercial,/buy-iptv,false
"ip tv best",500,Commercial,/best-iptv-service,false
"ip tv list",500,Informational,/iptv-list,false
"ip tv online",500,Commercial,/iptv-service-canada,false
"ip tv smart pro",500,Commercial,/smart-iptv-app,false
"ip tv smarter pro",500,Commercial,/iptv-smarters-pro-download,false
"ip tv smarters",500,Commercial,/iptv-smarters-pro-download,false
"ip tv stream player",500,Commercial,/iptv-player,false
"ip tv vlc",500,Informational,/iptv-vlc,false
"iplaytv",500,Commercial,/implayer,false
"iptv amazon",500,Commercial,/buy-iptv,false
"iptv android tv box",500,Commercial,/best-android-tv-box,false
"iptv apple tv",500,Commercial,/iptv-apple-tv-canada,false
"iptv best",500,Commercial,/best-iptv-service,false
"iptv box amazon",500,Commercial,/iptv-box,false
"iptv box android",500,Commercial,/best-android-tv-box,false
"iptv box near me",500,Commercial,/iptv-near-me,false
"iptv box price",500,Commercial,/iptv-box,false
"iptv cost",500,Commercial,/cheap-iptv-canada,false
"iptv deals",500,Commercial,/iptv-deals,false
"iptv diablo",500,Commercial,/diablo-iptv,false
"iptv downloader",500,Informational,/iptv-m3u-player,false
"iptv epic",500,Commercial,/iptv-provider-alternatives,true
"iptv fire stick",500,Commercial,/iptv-firestick-canada,false
"iptv firestick reddit",500,Commercial,/iptv-firestick-canada,false
"iptv for firestick",500,Commercial,/iptv-firestick-canada,false
"iptv for samsung tv",500,Informational,/iptv-samsung-tv-canada,false
"iptv fox",500,Commercial,/iptv-provider-alternatives,true
"iptv iphone",500,Informational,/iptv-ios-canada,false
"iptv list",500,Informational,/iptv-list,false
"iptv live",500,Commercial,/iptv-service-canada,false
"iptv légal",500,Commercial,/fr/iptv-legal,false
"iptv m3u",500,Informational,/iptv-m3u,false
"iptv m3u list",500,Informational,/iptv-m3u,false
"iptv max",500,Commercial,/iptv-player,false
"iptv meilleur",500,Commercial,/fr/meilleur-iptv-canada,false
"iptv monster",500,Commercial,/iptv-provider-alternatives,true
"iptv on roku tv",500,Informational,/iptv-roku-canada,false
"iptv one",500,Commercial,/iptv-provider-alternatives,true
"iptv online player",500,Commercial,/iptv-web-browser,false
"iptv pc",500,Informational,/iptv-windows-canada,false
"iptv plans",500,Commercial,/iptv-subscription,false
"iptv play list",500,Informational,/iptv-list,false
"iptv player m3u",500,Informational,/iptv-m3u,false
"iptv player pc",500,Informational,/iptv-windows-canada,false
"iptv premium",500,Commercial,/premium-iptv,false
"iptv price",500,Commercial,/cheap-iptv-canada,false
"iptv providers reddit",500,Commercial,/best-iptv-reddit,false
"iptv roku",500,Informational,/iptv-roku-canada,false
"iptv roku tv",500,Informational,/iptv-roku-canada,false
"iptv samsung tv",500,Informational,/iptv-samsung-tv-canada,false
"iptv servers",500,Informational,/iptv-server,false
"iptv service near me",500,Commercial,/iptv-near-me,false
"iptv service provider",500,Commercial,/iptv-providers-canada,false
"iptv services reddit",500,Commercial,/best-iptv-reddit,false
"iptv set top box",500,Commercial,/iptv-with-box,false
"iptv shark",500,Commercial,/iptv-provider-alternatives,true
"iptv site",500,Informational,/iptv-web-browser,false
"iptv smart pro",500,Commercial,/smart-iptv-app,false
"iptv smarter pro",500,Commercial,/iptv-smarters-pro-download,false
"iptv smarters downloader",500,Informational,/iptv-smarters-pro-download,false
"iptv smarters lite",500,Commercial,/iptv-smarters-lite,false
"iptv smarters player",500,Commercial,/iptv-smarters-pro-download,false
"iptv smarters pro android",500,Commercial,/iptv-smarters-pro-download,false
"iptv smarters pro firestick",500,Commercial,/iptv-smarters-pro-firestick,false
"iptv smarters pro free",500,Informational,/iptv-smarters-pro-download,false
"iptv smarters pro pc",500,Informational,/iptv-smarters-pro-pc-mac,false
"iptv smasters pro subscription",500,Commercial,/iptv-smarters-pro-price,false
"iptv sport",500,Commercial,/iptv-sports,false
"iptv stb",500,Commercial,/iptv-with-box,false
"iptv stbemu",500,Commercial,/stbemu,false
"iptv stick",500,Commercial,/iptv-firestick-canada,false
"iptv stream",500,Commercial,/iptv-service-canada,false
"iptv stream player",500,Commercial,/iptv-player,false
"iptv streaming service",500,Commercial,/iptv-service-canada,false
"iptv sub",500,Commercial,/iptv-subscription,false
"iptv subscription reddit",500,Commercial,/best-iptv-reddit,false
"iptv ufc",500,Commercial,/iptv-ufc,false
"iptv vlc",500,Informational,/iptv-vlc,false
"iptv vlc media player",500,Informational,/iptv-vlc,false
"iptv vlc player",500,Informational,/iptv-vlc,false
"iptv web",500,Informational,/iptv-web-browser,false
"iptv website",500,Informational,/iptv-web-browser,false
"iptv345",500,Commercial,/iptv-provider-alternatives,true
"iptvforum",500,Informational,/iptv-provider-alternatives,true
"iptvgreat",500,Commercial,/iptv-provider-alternatives,true
"iptvisuel",500,Commercial,/fr/abonnement-iptv,false
"iptvportal",500,Commercial,/iptv-web-browser,false
"iptvx",500,Commercial,/iptv-provider-alternatives,true
"jellyfin iptv",500,Informational,/iptv-plex-emby-jellyfin,false
"kemo iptv",500,Commercial,/kemo-iptv,false
"kemo tv",500,Commercial,/kemo-iptv,false
"kemoiptv",500,Commercial,/kemo-iptv,false
"king365",500,Commercial,/king365-tv,false
"kingiptv",500,Commercial,/king365-tv,false
"kodi ip tv",500,Informational,/iptv-kodi,false
"kodi iptv",500,Informational,/iptv-kodi,false
"lion iptv",500,Commercial,/iptv-provider-alternatives,true
"liste m3u iptv",500,Informational,/fr/liste-m3u-iptv,false
"lux iptv",500,Commercial,/iptv-provider-alternatives,true
"m3u",500,Informational,/iptv-m3u,false
"m3u ip tv",500,Informational,/iptv-m3u,false
"m3u iptv",500,Informational,/iptv-m3u,false
"m3u list",500,Informational,/iptv-m3u,false
"mag 254",500,Commercial,/mag-254-iptv,false
"mag 322",500,Commercial,/mag-322-iptv,false
"mag box",500,Commercial,/iptv-mag-box-canada,false
"mag iptv",500,Commercial,/iptv-mag-box-canada,false
"mag iptv box",500,Commercial,/iptv-mag-box-canada,false
"mag iptv boxes",500,Commercial,/iptv-mag-box-canada,false
"mag tv box",500,Commercial,/iptv-mag-box-canada,false
"magic iptv",500,Commercial,/iptv-provider-alternatives,true
"mega ip tv",500,Commercial,/megaott-iptv,false
"mega iptv",500,Commercial,/megaott-iptv,false
"megaott",500,Commercial,/megaott-iptv,false
"meilleur ip tv",500,Commercial,/fr/meilleur-iptv-canada,false
"meilleur iptv",500,Commercial,/fr/meilleur-iptv-canada,false
"meilleure iptv",500,Commercial,/fr/meilleur-iptv-canada,false
"mom iptv",500,Commercial,/iptv-provider-alternatives,true
"my iptv",500,Commercial,/iptv-provider-alternatives,true
"my sip tv",500,Commercial,/siptv-app,false
"my siptv",500,Commercial,/siptv-app,false
"myiptv player",500,Commercial,/iptv-player,false
"mytvonline 3",500,Commercial,/mytvonline,false
"nanomid",500,Commercial,/nanomid,false
"nasa iptv",500,Commercial,/iptv-provider-alternatives,true
"ninja iptv",500,Commercial,/iptv-provider-alternatives,true
"online ip tv",500,Commercial,/iptv-service-canada,false
"onn tv box",500,Commercial,/best-android-tv-box,false
"ott tv",500,Commercial,/ott-navigator,false
"ottiptv",500,Commercial,/ott-navigator,false
"player m3u",500,Informational,/iptv-m3u,false
"plex iptv",500,Informational,/iptv-plex-emby-jellyfin,false
"pluto tv iptv",500,Informational,/iptv-plex-emby-jellyfin,false
"premium iptv",500,Commercial,/premium-iptv,false
"private iptv",500,Commercial,/premium-iptv,false
"reddit best iptv",500,Informational,/best-iptv-reddit,false
"roku tv iptv",500,Informational,/iptv-roku-canada,false
"set ip tv",500,Commercial,/iptv-with-box,false
"set iptv",500,Commercial,/iptv-with-box,false
"set top box iptv",500,Commercial,/iptv-with-box,false
"shark iptv",500,Commercial,/iptv-provider-alternatives,true
"siptv",500,Commercial,/siptv-app,false
"smart iptv player",500,Commercial,/smart-iptv-app,false
"smart iptv pro",500,Commercial,/smart-iptv-app,false
"smart player lite",500,Commercial,/iptv-smarters-lite,false
"smarters iptv pro",500,Commercial,/iptv-smarters-pro-download,false
"smarters player",500,Commercial,/iptv-smarters-pro-download,false
"smarters pro iptv",500,Commercial,/iptv-smarters-pro-download,false
"smartone iptv",500,Commercial,/iptv-provider-alternatives,true
"sonic iptv",500,Commercial,/iptv-provider-alternatives,true
"starshare iptv",500,Commercial,/iptv-provider-alternatives,true
"stbemu iptv",500,Commercial,/stbemu,false
"stream iptv",500,Commercial,/iptv-service-canada,false
"stremio iptv",500,Informational,/iptv-plex-emby-jellyfin,false
"strong iptv",500,Commercial,/iptv-provider-alternatives,true
"television iptv",500,Informational,/what-is-iptv,false
"titan iptv",500,Commercial,/iptv-provider-alternatives,true
"tivimate account",500,Commercial,/tivimate-premium,false
"tivimate apple tv",500,Commercial,/tivimate-smart-tv,false
"tivimate com",500,Commercial,/tivimate,false
"tivimate firestick",500,Commercial,/tivimate-firestick,false
"tivimate for firestick",500,Commercial,/tivimate-firestick,false
"tivimate iptv",500,Commercial,/tivimate,false
"tivimate iptv player",500,Commercial,/tivimate,false
"tivimate on firestick",500,Commercial,/tivimate-firestick,false
"tivimate premium",500,Commercial,/tivimate-premium,false
"tivimate premium cost",500,Commercial,/tivimate-premium,false
"tivimate premium subscription",500,Commercial,/tivimate-premium,false
"tivimate price",500,Commercial,/tivimate-premium,false
"tivimate pro",500,Commercial,/tivimate-premium,false
"tivimate reddit",500,Informational,/tivimate,false
"tivimate roku",500,Informational,/tivimate-smart-tv,false
"tivimate subscription",500,Commercial,/tivimate-premium,false
"top iptv",500,Commercial,/best-iptv-service,false
"top iptv providers",500,Commercial,/best-iptv-service,false
"trex iptv",500,Commercial,/iptv-provider-alternatives,true
"troypoint iptv",500,Commercial,/iptv-provider-alternatives,true
"tv box mag",500,Commercial,/iptv-mag-box-canada,false
"tv ip",500,Informational,/what-is-iptv,false
"tvip s box",500,Commercial,/tvip-iptv-box,false
"vlc ip tv",500,Informational,/iptv-vlc,false
"bandwich iptv",490,Commercial,/iptv-provider-alternatives,true
"best iptv providers",490,Commercial,/best-iptv-service,false
"iptv control",490,Informational,/iptv-installer,false
"iptv edge",490,Commercial,/iptv-provider-alternatives,true
"iptv foster",490,Commercial,/iptv-provider-alternatives,true
"iptv installer",490,Informational,/iptv-installer,false
"iptv providers in canada",490,Commercial,/iptv-providers-canada,false
"iptv reviews",490,Commercial,/iptv-reviews,false
"iptv service canada",490,Commercial,/iptv-canada,false
"iptv smarters pro",490,Commercial,/iptv-smarters-pro-download,false
"best iptv app",320,Commercial,/best-iptv-apps,false
"best latest iptv tool",320,Commercial,/best-iptv-apps,false
"fire stick iptv",320,Commercial,/iptv-firestick-canada,false
"iptv sim",320,Informational,/iptv-box,false
"iptv top",320,Commercial,/best-iptv-service,false
"la iptv",320,Commercial,/iptv-provider-alternatives,true
"list iptv",320,Informational,/iptv-list,false
"service iptv",320,Commercial,/iptv-service-canada,false
"best canadian iptv provider",260,Commercial,/best-iptv-canada,false
"best iptv apps",260,Commercial,/best-iptv-apps,false
"best iptv channel",260,Commercial,/best-iptv-service,false
"iptv for beginners",260,Informational,/what-is-iptv,false
"iptv provider canada",260,Commercial,/iptv-providers-canada,false
"top rated iptv tool",260,Commercial,/best-iptv-apps,false
"4k ott iptv",50,Commercial,/iptv-4k,false
"5g iptv",50,Informational,/iptv-provider-alternatives,true
"5giptv",50,Commercial,/iptv-provider-alternatives,true
"ace iptv",50,Commercial,/iptv-provider-alternatives,true
"all iptv",50,Commercial,/iptv-provider-alternatives,true
"alliptv",50,Commercial,/iptv-provider-alternatives,true
"apollo tv iptv",50,Commercial,/apollo-iptv,false
"area51 iptv",50,Commercial,/iptv-provider-alternatives,true
"aroma iptv",50,Commercial,/iptv-provider-alternatives,true
"astra iptv",50,Commercial,/iptv-provider-alternatives,true
"atlas iptv",50,Commercial,/atlas-pro-iptv,false
"atlas pro iptv",50,Commercial,/atlas-pro-iptv,false
"atlas pro ontv iphone",50,Informational,/iptv-ios-canada,false
"atlas pro ott",50,Commercial,/atlas-pro-iptv,false
"atlaspro in",50,Commercial,/atlas-pro-iptv,false
"atv iptv",50,Commercial,/iptv-provider-alternatives,true
"avatar iptv",50,Commercial,/iptv-provider-alternatives,true
"awesome iptv",50,Commercial,/iptv-provider-alternatives,true
"bestbuyiptv",50,Commercial,/best-iptv-service,false
"bird iptv",50,Commercial,/iptv-provider-alternatives,true
"blended iptv",50,Commercial,/iptv-provider-alternatives,true
"blink iptv",50,Commercial,/iptv-provider-alternatives,true
"blitzen iptv",50,Commercial,/iptv-provider-alternatives,true
"blue tv iptv",50,Commercial,/iptv-provider-alternatives,true
"bob iptv",50,Commercial,/iptv-provider-alternatives,true
"box tv iptv",50,Commercial,/iptv-box,false
"bravo iptv",50,Commercial,/iptv-provider-alternatives,true
"briz iptv",50,Commercial,/iptv-provider-alternatives,true
"buy iptv online",50,Commercial,/buy-iptv,false
"buy iptv subscription",50,Commercial,/buy-iptv,false
"buzztv xrs 4900",50,Commercial,/buzztv-iptv,false
"buzztv xrs4500",50,Commercial,/buzztv-iptv,false
"canal iptv",50,Commercial,/iptv-provider-alternatives,true
"chrome iptv player",50,Informational,/iptv-web-browser,false
"chromecast iptv",50,Commercial,/iptv-chromecast,false
"cle amazon iptv",50,Informational,/buy-iptv,false
"cle iptv amazon",50,Informational,/buy-iptv,false
"clean iptv",50,Commercial,/iptv-provider-alternatives,true
"cobraiptv",50,Commercial,/iptv-provider-alternatives,true
"comparatif iptv",50,Commercial,/fr/abonnement-iptv,false
"coretv",50,Commercial,/iptv-provider-alternatives,true
"crazy iptv",50,Commercial,/iptv-provider-alternatives,true
"crystal iptv",50,Commercial,/iptv-provider-alternatives,true
"crystal ott",50,Commercial,/iptv-provider-alternatives,true
"crystal ott iptv",50,Commercial,/iptv-provider-alternatives,true
"ctv iptv",50,Commercial,/iptv-provider-alternatives,true
"dark iptv",50,Commercial,/iptv-provider-alternatives,true
"dark media iptv",50,Commercial,/iptv-provider-alternatives,true
"datoo iptv",50,Commercial,/iptv-provider-alternatives,true
"delta iptv",50,Commercial,/iptv-provider-alternatives,true
"deluxe iptv",50,Commercial,/iptv-provider-alternatives,true
"digital iptv",50,Commercial,/what-is-iptv,false
"dlta 4k",50,Commercial,/best-android-tv-box,false
"dlta 4k iptv",50,Commercial,/best-android-tv-box,false
"dlta 4k tango pro",50,Commercial,/best-android-tv-box,false
"dmtn iptv",50,Commercial,/iptv-provider-alternatives,true
"domino iptv",50,Commercial,/iptv-provider-alternatives,true
"dragon iptv",50,Commercial,/iptv-provider-alternatives,true
"dragoniptv",50,Commercial,/iptv-provider-alternatives,true
"dream player iptv",50,Commercial,/iptv-player,false
"dream tv iptv",50,Commercial,/iptv-provider-alternatives,true
"dreamlink box",50,Commercial,/dreamlink-iptv,false
"dreamlink t3",50,Commercial,/dreamlink-iptv,false
"dreamtv mini ultra hd",50,Commercial,/dreamlink-iptv,false
"duplecast",50,Commercial,/duplecast,false
"duplecast iptv",50,Commercial,/duplecast,false
"dynasty iptv",50,Commercial,/iptv-provider-alternatives,true
"eagle tv iptv",50,Commercial,/iptv-provider-alternatives,true
"easy iptv",50,Commercial,/iptv-provider-alternatives,true
"ebay iptv",50,Commercial,/buy-iptv,false
"electro iptv",50,Commercial,/iptv-provider-alternatives,true
"elite iptv",50,Commercial,/premium-iptv,false
"eloniptv",50,Commercial,/iptv-provider-alternatives,true
"emby iptv",50,Informational,/iptv-plex-emby-jellyfin,false
"empire iptv",50,Commercial,/iptv-provider-alternatives,true
"eternal iptv",50,Commercial,/iptv-provider-alternatives,true
"eternal tv iptv",50,Commercial,/iptv-provider-alternatives,true
"euro iptv",50,Commercial,/iptv-provider-alternatives,true
"euroiptv",50,Commercial,/iptv-provider-alternatives,true
"eva iptv",50,Commercial,/iptv-provider-alternatives,true
"evdtv",50,Commercial,/iptv-provider-alternatives,true
"evo iptv",50,Commercial,/iptv-provider-alternatives,true
"evolution iptv",50,Commercial,/iptv-provider-alternatives,true
"expressiptv",50,Commercial,/siptv-app,false
"extra iptv",50,Commercial,/iptv-provider-alternatives,true
"extreme iptv pro",50,Commercial,/xtream-iptv-player,false
"extreme tv",50,Commercial,/xtream-iptv-player,false
"f1 iptv",50,Commercial,/iptv-f1,false
"falconiptv",50,Commercial,/iptv-provider-alternatives,true
"fame iptv",50,Commercial,/iptv-provider-alternatives,true
"family 4k iptv",50,Commercial,/iptv-4k,false
"family iptv",50,Commercial,/iptv-provider-alternatives,true
"fastiger iptv",50,Commercial,/iptv-provider-alternatives,true
"firestick iptv reddit",50,Commercial,/iptv-firestick-canada,false
"firestick ly73pr",50,Informational,/tivimate-firestick,false
"firestick tivimate",50,Commercial,/tivimate-firestick,false
"flex iptv",50,Commercial,/iptv-provider-alternatives,true
"flex iptv player",50,Commercial,/iptv-player,false
"flix iptv player",50,Commercial,/flix-iptv,false
"flixtv iptv",50,Commercial,/flix-iptv,false
"flux iptv",50,Commercial,/iptv-provider-alternatives,true
"forever iptv",50,Commercial,/forever-tv,false
"formuler z nano",50,Commercial,/formuler-iptv-box,false
"formuler z neo",50,Commercial,/formuler-iptv-box,false
"formuler z+",50,Commercial,/formuler-z10-z8,false
"formuler z10 pro max 4k",50,Commercial,/formuler-z10-z8,false
"formuler z10 pro max iptv",50,Commercial,/formuler-z10-z8,false
"formuler z10 se",50,Commercial,/formuler-z10-z8,false
"formuler z7",50,Commercial,/formuler-z10-z8,false
"formuler z7+",50,Commercial,/formuler-z10-z8,false
"formuler z8 pro 4k",50,Commercial,/formuler-z10-z8,false
"formuler zx",50,Commercial,/formuler-z10-z8,false
"fortune iptv",50,Commercial,/iptv-provider-alternatives,true
"full iptv",50,Commercial,/iptv-provider-alternatives,true
"gamma iptv",50,Commercial,/iptv-provider-alternatives,true
"gamma iptv subscription",50,Commercial,/iptv-subscription,false
"gecko iptv",50,Commercial,/iptv-provider-alternatives,true
"gecko iptv player",50,Commercial,/iptv-player,false
"gemini streamz",50,Commercial,/iptv-service-canada,false
"gemini streamz iptv",50,Commercial,/iptv-service-canada,false
"geo iptv",50,Commercial,/iptv-provider-alternatives,true
"geoiptv",50,Commercial,/iptv-provider-alternatives,true
"get iptv",50,Commercial,/iptv-provider-alternatives,true
"ghost iptv",50,Commercial,/iptv-provider-alternatives,true
"global tv box",50,Commercial,/iptv-box,false
"glory iptv",50,Commercial,/iptv-provider-alternatives,true
"golds tv iptv",50,Commercial,/premium-iptv,false
"good iptv",50,Commercial,/iptv-provider-alternatives,true
"gotit iptv",50,Commercial,/iptv-provider-alternatives,true
"gotv iptv",50,Commercial,/iptv-provider-alternatives,true
"gse iptv chromecast",50,Informational,/iptv-web-browser,false
"gseiptv",50,Commercial,/iptv-chromecast,false
"harmo iptv",50,Commercial,/iptv-provider-alternatives,true
"hbo max iptv",50,Informational,/iptv-vod-movies-series,false
"helix iptv",50,Commercial,/iptv-provider-alternatives,true
"homatics box q",50,Commercial,/best-android-tv-box,false
"hulk iptv",50,Commercial,/iptv-provider-alternatives,true
"hydrogen iptv",50,Commercial,/iptv-provider-alternatives,true
"hypersonic iptv",50,Commercial,/iptv-provider-alternatives,true
"igate iptv",50,Commercial,/iptv-provider-alternatives,true
"iliria iptv",50,Commercial,/iptv-provider-alternatives,true
"im infomir",50,Commercial,/iptv-mag-box-canada,false
"implayer premium",50,Commercial,/implayer,false
"implayer tv",50,Informational,/implayer,false
"infinity iptv",50,Commercial,/iptv-provider-alternatives,true
"infomir iptv",50,Commercial,/iptv-mag-box-canada,false
"infomir mag",50,Commercial,/iptv-mag-box-canada,false
"infomir mag 254",50,Commercial,/mag-254-iptv,false
"infomir mag 322",50,Commercial,/mag-322-iptv,false
"infomir mag 524",50,Commercial,/mag-524-iptv,false
"ip player",50,Commercial,/iptv-player,false
"ip smarter pro",50,Commercial,/iptv-smarters-pro-download,false
"ip smarters pro",50,Commercial,/iptv-smarters-pro-download,false
"ip tv 4k",50,Commercial,/iptv-4k,false
"ip tv live",50,Commercial,/iptv-service-canada,false
"ip tv m3u",50,Informational,/iptv-m3u,false
"ip tv netflix",50,Informational,/flix-iptv,false
"ip tv pc",50,Informational,/iptv-windows-canada,false
"ip tv samsung",50,Informational,/iptv-samsung-tv-canada,false
"ip tv smart tv",50,Informational,/iptv-smart-tv-canada,false
"ipguys",50,Commercial,/iptv-provider-alternatives,true
"iplay iptv",50,Commercial,/implayer,false
"iplaytv android",50,Informational,/implayer,false
"iplaytv apple tv",50,Informational,/implayer,false
"ipstreamz",50,Commercial,/iptv-service-canada,false
"iptv 1",50,Commercial,/iptv-provider-alternatives,true
"iptv 1 mois",50,Commercial,/fr/liste-m3u-iptv,false
"iptv 12 mois",50,Commercial,/fr/abonnement-iptv,false
"iptv 12 months",50,Commercial,/iptv-subscription,false
"iptv 24",50,Commercial,/iptv-service-canada,false
"iptv 24 7",50,Commercial,/iptv-service-canada,false
"iptv 24h",50,Commercial,/iptv-service-canada,false
"iptv 345",50,Commercial,/iptv-provider-alternatives,true
"iptv 365",50,Commercial,/king365-tv,false
"iptv 4k ott",50,Commercial,/iptv-4k,false
"iptv 8k",50,Commercial,/iptv-4k,false
"iptv a vie",50,Commercial,/fr/abonnement-iptv,false
"iptv account",50,Commercial,/iptv-subscription,false
"iptv aliexpress",50,Commercial,/buy-iptv,false
"iptv allplayer",50,Commercial,/iptv-player,false
"iptv amazon stick",50,Commercial,/iptv-firestick-canada,false
"iptv amazon tv",50,Informational,/iptv-firestick-canada,false
"iptv android",50,Informational,/iptv-android-canada,false
"iptv android tv",50,Informational,/best-android-tv-box,false
"iptv apollo",50,Commercial,/apollo-iptv,false
"iptv apple",50,Informational,/iptv-apple-tv-canada,false
"iptv apple tv 4k",50,Informational,/iptv-apple-tv-canada,false
"iptv bein",50,Commercial,/iptv-soccer,false
"iptv bein sport",50,Commercial,/iptv-soccer,false
"iptv bloqué",50,Informational,/fr/abonnement-iptv,false
"iptv browser",50,Informational,/iptv-web-browser,false
"iptv champions league",50,Commercial,/iptv-soccer,false
"iptv checker",50,Informational,/iptv-m3u-player,false
"iptv checker online",50,Informational,/iptv-m3u-player,false
"iptv chrome",50,Informational,/iptv-web-browser,false
"iptv chromecast",50,Commercial,/iptv-web-browser,false
"iptv com",50,Commercial,/iptv-web-browser,false
"iptv connect",50,Commercial,/iptv-server,false
"iptv connect pro",50,Commercial,/iptv-server,false
"iptv customer service",50,Informational,/iptv-customer-service,false
"iptv deluxe",50,Commercial,/iptv-provider-alternatives,true
"iptv device",50,Commercial,/iptv-with-box,false
"iptv dino",50,Commercial,/diablo-iptv,false
"iptv dvr",50,Informational,/iptv-dvr-catch-up,false
"iptv enigma2",50,Informational,/iptv-with-box,false
"iptv espn",50,Commercial,/iptv-espn-sky-sports,false
"iptv eurosport",50,Commercial,/iptv-espn-sky-sports,false
"iptv express",50,Commercial,/iptv-server,false
"iptv f1",50,Commercial,/iptv-f1,false
"iptv fiable",50,Commercial,/fr/abonnement-iptv,false
"iptv flex",50,Commercial,/iptv-provider-alternatives,true
"iptv for lg webos",50,Informational,/nanomid,false
"iptv formuler",50,Commercial,/formuler-iptv-box,false
"iptv full hd",50,Commercial,/iptv-4k,false
"iptv gen",50,Commercial,/iptv-server,false
"iptv global",50,Commercial,/iptv-provider-alternatives,true
"iptv go",50,Commercial,/iptv-player,false
"iptv google chromecast",50,Informational,/iptv-chromecast,false
"iptv google tv",50,Informational,/iptv-chromecast,false
"iptv hbo",50,Informational,/iptv-vod-movies-series,false
"iptv hbo max",50,Informational,/iptv-vod-movies-series,false
"iptv high tech",50,Commercial,/iptv-provider-alternatives,true
"iptv hisense",50,Informational,/iptv-sony-hisense-tv,false
"iptv hub",50,Commercial,/iptv-server,false
"iptv ipad",50,Informational,/iptv-ios-canada,false
"iptv laptop",50,Informational,/iptv-windows-canada,false
"iptv legale",50,Commercial,/fr/iptv-legal,false
"iptv lg",50,Informational,/iptv-lg-tv-canada,false
"iptv lg smart",50,Informational,/iptv-lg-tv-canada,false
"iptv lg tv",50,Informational,/iptv-lg-tv-canada,false
"iptv lg webos",50,Informational,/nanomid,false
"iptv lifetime",50,Commercial,/iptv-subscription,false
"iptv line",50,Commercial,/iptv-subscription,false
"iptv listas m3u",50,Informational,/fr/liste-m3u-iptv,false
"iptv liste",50,Informational,/fr/liste-m3u-iptv,false
"iptv lite",50,Commercial,/iptv-player,false
"iptv live tv",50,Commercial,/iptv-service-canada,false
"iptv m3u8",50,Informational,/iptv-m3u,false
"iptv macbook",50,Informational,/iptv-mac,false
"iptv main",50,Commercial,/iptv-server,false
"iptv media player",50,Commercial,/iptv-player,false
"iptv meilleur rapport qualité prix",50,Commercial,/fr/abonnement-iptv,false
"iptv mobile",50,Commercial,/iptv-ios-canada,false
"iptv mu3",50,Commercial,/iptv-m3u,false
"iptv mxl",50,Commercial,/iptv-provider-alternatives,true
"iptv nba",50,Commercial,/iptv-nba,false
"iptv ne fonctionne plus",50,Informational,/fr/abonnement-iptv,false
"iptv netflix",50,Informational,/flix-iptv,false
"iptv now",50,Commercial,/iptv-service-canada,false
"iptv nvidia shield",50,Commercial,/best-android-tv-box,false
"iptv on apple tv 4k",50,Informational,/iptv-apple-tv-canada,false
"iptv on firestick reddit",50,Commercial,/iptv-firestick-canada,false
"iptv packages",50,Commercial,/iptv-subscription,false
"iptv pas cher",50,Commercial,/fr/abonnement-iptv,false
"iptv pour pc",50,Informational,/fr/iptv-sur-smart-tv,false
"iptv premier league",50,Commercial,/iptv-soccer,false
"iptv premium 4k",50,Commercial,/premium-iptv,false
"iptv premium subscription",50,Commercial,/premium-iptv,false
"iptv prix",50,Commercial,/fr/abonnement-iptv,false
"iptv promo",50,Commercial,/fr/abonnement-iptv,false
"iptv promotions",50,Commercial,/fr/abonnement-iptv,false
"iptv ps5",50,Informational,/iptv-ps5,false
"iptv purple",50,Commercial,/iptv-provider-alternatives,true
"iptv rapid",50,Commercial,/iptv-provider-alternatives,true
"iptv receiver",50,Commercial,/iptv-with-box,false
"iptv revolution",50,Commercial,/iptv-provider-alternatives,true
"iptv rive nord",50,Commercial,/iptv-quebec,false
"iptv samsung",50,Informational,/iptv-samsung-tv-canada,false
"iptv samsung smart tv",50,Informational,/iptv-samsung-tv-canada,false
"iptv samsung tizen",50,Informational,/iptv-samsung-tv-canada,false
"iptv sans coupure",50,Commercial,/fr/abonnement-iptv,false
"iptv satellite",50,Commercial,/iptv-with-box,false
"iptv secured",50,Commercial,/iptv-server,false
"iptv series",50,Commercial,/iptv-vod-movies-series,false
"iptv set",50,Commercial,/iptv-with-box,false
"iptv sharing",50,Informational,/iptv-server,false
"iptv shop",50,Commercial,/buy-iptv,false
"iptv sky sports",50,Commercial,/iptv-espn-sky-sports,false
"iptv smart box",50,Commercial,/iptv-smart-tv-canada,false
"iptv smart purple player",50,Commercial,/iptv-player,false
"iptv smart tv",50,Informational,/iptv-smart-tv-canada,false
"iptv smarter pc",50,Informational,/iptv-smarters-pro-download,false
"iptv smarter pro downloader",50,Informational,/iptv-smarters-pro-download,false
"iptv smarters android",50,Informational,/iptv-smarters-pro-download,false
"iptv smarters apple tv",50,Commercial,/iptv-smarters-pro-smart-tv,false
"iptv smarters chromecast",50,Informational,/iptv-smarters-pro-pc-mac,false
"iptv smarters com",50,Commercial,/iptv-smarters-pro-download,false
"iptv smarters customer service",50,Informational,/iptv-customer-service,false
"iptv smasters android tv",50,Informational,/iptv-smarters-pro-smart-tv,false
"iptv smasters fire stick",50,Informational,/iptv-smarters-pro-firestick,false
"iptv smasters firestick",50,Commercial,/iptv-smarters-pro-firestick,false
"iptv smasters for firestick",50,Commercial,/iptv-smarters-pro-firestick,false
"iptv smasters for pc",50,Informational,/iptv-smarters-pro-pc-mac,false
"iptv smasters free",50,Informational,/iptv-smarters-pro-download,false
"iptv smasters google play",50,Informational,/iptv-smarters-pro-download,false
"iptv smasters iphone",50,Informational,/iptv-smarters-pro-download,false
"iptv smasters lg",50,Informational,/iptv-smarters-pro-download,false
"iptv smasters lg tv",50,Informational,/iptv-smarters-pro-download,false
"iptv smasters m3u",50,Informational,/iptv-smarters-pro-download,false
"iptv smasters mac",50,Informational,/iptv-smarters-pro-pc-mac,false
"iptv smasters on firestick",50,Commercial,/iptv-smarters-pro-firestick,false
"iptv smasters on roku tv",50,Informational,/iptv-smarters-pro-smart-tv,false
"iptv smasters online",50,Commercial,/iptv-smarters-pro-pc-mac,false
"iptv smasters pc",50,Informational,/iptv-smarters-pro-pc-mac,false
"iptv smasters player android",50,Informational,/iptv-smarters-pro-download,false
"iptv smasters player lite",50,Commercial,/iptv-smarters-lite,false
"iptv smasters player samsung",50,Informational,/iptv-smarters-pro-smart-tv,false
"iptv smasters pour pc",50,Informational,/fr/iptv-smarters-pro,false
"iptv smasters premium",50,Commercial,/iptv-smarters-pro-price,false
"iptv smasters pro android tv",50,Informational,/iptv-smarters-pro-smart-tv,false
"iptv smasters pro apple tv",50,Informational,/iptv-smarters-pro-smart-tv,false
"iptv smasters pro com",50,Commercial,/iptv-smarters-pro-download,false
"iptv smasters pro downloader",50,Informational,/iptv-smarters-pro-download,false
"iptv smasters pro fire stick",50,Informational,/iptv-smarters-pro-firestick,false
"iptv smasters pro for pc",50,Informational,/iptv-smarters-pro-pc-mac,false
"iptv smasters pro introuvable google play",50,Informational,/fr/iptv-smarters-pro,false
"iptv smasters pro iphone",50,Informational,/iptv-smarters-pro-download,false
"iptv smasters pro lg",50,Informational,/iptv-smarters-pro-download,false
"iptv smasters pro live",50,Commercial,/iptv-smarters-pro-download,false
"iptv smasters pro m3u",50,Informational,/iptv-smarters-pro-download,false
"iptv smasters pro mac",50,Informational,/iptv-smarters-pro-pc-mac,false
"iptv smasters pro macbook",50,Informational,/iptv-smarters-pro-pc-mac,false
"iptv smasters pro ne fonctionne pas sur tv samsung",50,Informational,/fr/iptv-smarters-pro,false
"iptv smasters pro price",50,Commercial,/iptv-smarters-pro-price,false
"iptv smasters pro roku",50,Informational,/iptv-smarters-pro-smart-tv,false
"iptv smasters pro samsung tv",50,Informational,/iptv-smarters-pro-smart-tv,false
"iptv smasters pro smart tv",50,Informational,/iptv-smarters-pro-smart-tv,false
"iptv smasters pro sur pc",50,Informational,/fr/iptv-smarters-pro,false
"iptv smasters pro tv",50,Commercial,/iptv-smarters-pro-smart-tv,false
"iptv smasters reddit",50,Informational,/iptv-smarters-pro-download,false
"iptv smasters roku",50,Informational,/iptv-smarters-pro-smart-tv,false
"iptv smasters roku tv",50,Informational,/iptv-smarters-pro-smart-tv,false
"iptv smasters samsung",50,Informational,/iptv-smarters-pro-smart-tv,false
"iptv smasters samsung tv",50,Informational,/iptv-smarters-pro-smart-tv,false
"iptv smasters smart tv",50,Informational,/iptv-smarters-pro-smart-tv,false
"iptv smasters subscription",50,Commercial,/iptv-smarters-pro-price,false
"iptv smasters subscription reddit",50,Commercial,/iptv-smarters-pro-price,false
"iptv smasters tv",50,Commercial,/iptv-smarters-pro-smart-tv,false
"iptv smasters web",50,Commercial,/iptv-smarters-pro-pc-mac,false
"iptv soccer",50,Commercial,/iptv-soccer,false
"iptv sony",50,Informational,/iptv-sony-hisense-tv,false
"iptv stable",50,Commercial,/iptv-server,false
"iptv stream player pro",50,Commercial,/iptv-player,false
"iptv stream pro",50,Commercial,/iptv-player,false
"iptv streamer pro",50,Commercial,/iptv-player,false
"iptv streamers",50,Informational,/iptv-player,false
"iptv studio",50,Commercial,/iptv-player,false
"iptv subscription ebay",50,Commercial,/buy-iptv,false
"iptv sur apple tv",50,Informational,/fr/iptv-sur-smart-tv,false
"iptv sur chromecast",50,Informational,/fr/iptv-sur-smart-tv,false
"iptv sur fire stick",50,Informational,/fr/iptv-sur-smart-tv,false
"iptv sur iphone",50,Informational,/fr/iptv-sur-smart-tv,false
"iptv sur kodi",50,Informational,/fr/iptv-sur-smart-tv,false
"iptv sur mac",50,Informational,/fr/iptv-sur-smart-tv,false
"iptv sur pc",50,Informational,/fr/iptv-sur-smart-tv,false
"iptv sur ps5",50,Informational,/fr/iptv-sur-smart-tv,false
"iptv sur samsung",50,Informational,/fr/iptv-sur-smart-tv,false
"iptv sur smart tv",50,Informational,/fr/iptv-sur-smart-tv,false
"iptv sur tv samsung",50,Informational,/fr/iptv-smarters-pro,false
"iptv sur vlc",50,Informational,/fr/iptv-sur-smart-tv,false
"iptv tester",50,Informational,/iptv-m3u-player,false
"iptv tivimate",50,Commercial,/tivimate,false
"iptv tizen",50,Informational,/iptv-samsung-tv-canada,false
"iptv today",50,Commercial,/iptv-service-canada,false
"iptv trustpilot",50,Informational,/iptv-reviews,false
"iptv tune",50,Commercial,/iptv-player,false
"iptv viewer",50,Commercial,/iptv-web-browser,false
"iptv vod",50,Commercial,/iptv-vod-movies-series,false
"iptv watch tv online",50,Commercial,/iptv-service-canada,false
"iptv web browser",50,Informational,/iptv-web-browser,false
"iptv what is it",50,Informational,/what-is-iptv,false
"iptv wifi",50,Informational,/iptv-service-canada,false
"iptv world cup",50,Commercial,/iptv-soccer,false
"iptv x",50,Commercial,/iptv-provider-alternatives,true
"iptv1",50,Commercial,/iptv-provider-alternatives,true
"iptv12k",50,Commercial,/iptv-4k,false
"iptv24",50,Commercial,/iptv-provider-alternatives,true
"iptv365",50,Commercial,/king365-tv,false
"iptv4less",50,Commercial,/buy-iptv,false
"iptv4sat",50,Commercial,/iptv-provider-alternatives,true
"iptv4u",50,Commercial,/iptv-provider-alternatives,true
"iptv66",50,Commercial,/iptv-provider-alternatives,true
"iptv8k",50,Commercial,/iptv-4k,false
"iptvfarm",50,Commercial,/iptv-provider-alternatives,true
"iptvgold",50,Commercial,/premium-iptv,false
"iptvhut",50,Commercial,/iptv-provider-alternatives,true
"iptvone",50,Commercial,/iptv-provider-alternatives,true
"iptvplus",50,Commercial,/iptv-provider-alternatives,true
"iptvresale",50,Commercial,/iptv-resellers,false
"iptvshop",50,Commercial,/buy-iptv,false
"iptvsmarterspro",50,Commercial,/iptv-smarters-pro-download,false
"iptvstore",50,Commercial,/buy-iptv,false
"iptvx android",50,Commercial,/iptv-android-canada,false
"iptvx apple tv",50,Commercial,/iptv-apple-tv-canada,false
"ironiptv",50,Commercial,/iptv-provider-alternatives,true
"istar iptv",50,Commercial,/iptv-provider-alternatives,true
"itec iptv",50,Commercial,/iptv-provider-alternatives,true
"iview iptv",50,Commercial,/iptv-provider-alternatives,true
"jarvis iptv",50,Commercial,/iptv-provider-alternatives,true
"joker iptv",50,Commercial,/iptv-provider-alternatives,true
"kemo iptv reddit",50,Commercial,/best-iptv-reddit,false
"kemo sat iptv",50,Commercial,/kemo-iptv,false
"kemo sat tv",50,Commercial,/kemo-iptv,false
"key iptv",50,Commercial,/iptv-provider-alternatives,true
"king365 iptv",50,Commercial,/king365-tv,false
"king365 tv",50,Commercial,/king365-tv,false
"king365tv",50,Commercial,/king365-tv,false
"king365tv box v2",50,Commercial,/iptv-box,false
"king365tv box v3",50,Commercial,/iptv-box,false
"kingtv365",50,Commercial,/king365-tv,false
"kodi iptv m3u",50,Informational,/iptv-kodi,false
"kodi live tv",50,Informational,/iptv-kodi,false
"kodi m3u",50,Informational,/iptv-kodi,false
"lazy iptv",50,Commercial,/iptv-provider-alternatives,true
"lazyiptv deluxe",50,Commercial,/iptv-provider-alternatives,true
"le meilleur iptv",50,Commercial,/fr/meilleur-iptv-canada,false
"lecteur iptv",50,Commercial,/fr/lecteur-iptv,false
"lecteur m3u en ligne",50,Informational,/fr/lecteur-iptv,false
"legends iptv",50,Commercial,/iptv-provider-alternatives,true
"les meilleurs iptv",50,Commercial,/fr/meilleur-iptv-canada,false
"lex iptv",50,Commercial,/iptv-provider-alternatives,true
"lifetime iptv",50,Commercial,/iptv-subscription,false
"lionz iptv",50,Commercial,/iptv-provider-alternatives,true
"liste iptv m3u fr",50,Informational,/fr/liste-m3u-iptv,false
"liste m3u",50,Informational,/fr/liste-m3u-iptv,false
"live ip tv",50,Commercial,/iptv-service-canada,false
"live iptv",50,Commercial,/iptv-service-canada,false
"live tv player",50,Commercial,/iptv-player,false
"livego iptv",50,Commercial,/iptv-provider-alternatives,true
"local iptv",50,Commercial,/iptv-near-me,false
"lxtream",50,Commercial,/xtream-iptv-player,false
"lxtream android tv",50,Informational,/xtream-iptv-player,false
"lxtream player",50,Commercial,/xtream-iptv-player,false
"m3u checker",50,Informational,/iptv-m3u-player,false
"m3u downloader online",50,Informational,/iptv-m3u-player,false
"m3u kodi",50,Informational,/iptv-kodi,false
"m3u lista",50,Informational,/fr/liste-m3u-iptv,false
"m3u online",50,Informational,/iptv-m3u-player,false
"m3u player online",50,Informational,/iptv-m3u-player,false
"m3u player pc",50,Informational,/iptv-m3u-player,false
"m3u plex",50,Informational,/iptv-plex-emby-jellyfin,false
"m3u premium",50,Commercial,/iptv-m3u,false
"m3u vod",50,Informational,/iptv-vod-movies-series,false
"m3u8 iptv",50,Informational,/iptv-m3u,false
"m3u8 list",50,Informational,/iptv-m3u,false
"m3u8 tv",50,Informational,/iptv-m3u,false
"mac iptv",50,Informational,/iptv-mac,false
"maestro iptv",50,Commercial,/iptv-provider-alternatives,true
"mag 250",50,Commercial,/mag-254-iptv,false
"mag 256",50,Commercial,/mag-254-iptv,false
"mag 324",50,Commercial,/mag-322-iptv,false
"mag 410",50,Commercial,/mag-524-iptv,false
"mag 420w1",50,Commercial,/mag-524-iptv,false
"mag 424",50,Commercial,/mag-524-iptv,false
"mag 424w3",50,Commercial,/mag-524-iptv,false
"mag 425a",50,Commercial,/mag-524-iptv,false
"mag 524",50,Commercial,/mag-524-iptv,false
"mag 524w3",50,Commercial,/mag-524-iptv,false
"mag box 322",50,Commercial,/iptv-mag-box-canada,false
"mag box 4k",50,Commercial,/iptv-mag-box-canada,false
"mag322w1",50,Commercial,/mag-322-iptv,false
"magic tv iptv",50,Commercial,/iptv-provider-alternatives,true
"magnum iptv",50,Commercial,/iptv-provider-alternatives,true
"magnum ott",50,Commercial,/iptv-provider-alternatives,true
"mario iptv",50,Commercial,/iptv-provider-alternatives,true
"marvel iptv",50,Commercial,/iptv-provider-alternatives,true
"matrix iptv",50,Commercial,/iptv-provider-alternatives,true
"max iptv",50,Commercial,/iptv-provider-alternatives,true
"maxiptv",50,Commercial,/iptv-provider-alternatives,true
"media iptv",50,Commercial,/iptv-provider-alternatives,true
"mega ott",50,Commercial,/megaott-iptv,false
"megaiptv",50,Commercial,/megaott-iptv,false
"megaott iptv",50,Commercial,/megaott-iptv,false
"megaott net",50,Commercial,/megaott-iptv,false
"meilleur box iptv",50,Commercial,/fr/meilleur-iptv-canada,false
"meilleur lecteur iptv",50,Commercial,/fr/lecteur-iptv,false
"meilleur lecteur iptv android",50,Commercial,/fr/lecteur-iptv,false
"meilleur service iptv",50,Commercial,/fr/meilleur-iptv-canada,false
"mi box iptv",50,Commercial,/best-android-tv-box,false
"mitvpro",50,Commercial,/iptv-provider-alternatives,true
"momiptv",50,Commercial,/iptv-provider-alternatives,true
"moul iptv",50,Commercial,/iptv-provider-alternatives,true
"mu3 iptv",50,Commercial,/iptv-m3u,false
"mxl iptv",50,Commercial,/iptv-provider-alternatives,true
"mxl tv",50,Commercial,/iptv-provider-alternatives,true
"my hd iptv",50,Commercial,/iptv-4k,false
"my ip tv",50,Commercial,/iptv-provider-alternatives,true
"myhd iptv",50,Commercial,/iptv-4k,false
"myiptv 4k",50,Commercial,/iptv-4k,false
"nanomid com",50,Commercial,/nanomid,false
"nanomid iptv",50,Commercial,/nanomid,false
"nasaiptv",50,Commercial,/iptv-provider-alternatives,true
"necro iptv",50,Commercial,/iptv-provider-alternatives,true
"neo iptv",50,Commercial,/iptv-provider-alternatives,true
"neotv pro",50,Commercial,/best-android-tv-box,false
"neox2 iptv",50,Commercial,/iptv-provider-alternatives,true
"nettv iptv",50,Commercial,/iptv-provider-alternatives,true
"new iptv",50,Commercial,/iptv-provider-alternatives,true
"nikon iptv",50,Commercial,/iptv-provider-alternatives,true
"nikoniptv",50,Commercial,/iptv-provider-alternatives,true
"nitro iptv",50,Commercial,/iptv-provider-alternatives,true
"nord iptv",50,Commercial,/iptv-provider-alternatives,true
"nova iptv",50,Commercial,/iptv-provider-alternatives,true
"nova max iptv",50,Commercial,/iptv-provider-alternatives,true
"nvidia shield iptv",50,Commercial,/best-android-tv-box,false
"ok2 iptv",50,Commercial,/iptv-provider-alternatives,true
"one iptv",50,Commercial,/iptv-provider-alternatives,true
"one tv iptv",50,Commercial,/iptv-provider-alternatives,true
"onetv iptv",50,Commercial,/iptv-provider-alternatives,true
"onpoint iptv",50,Commercial,/iptv-provider-alternatives,true
"open iptv",50,Commercial,/iptv-provider-alternatives,true
"opus iptv",50,Commercial,/iptv-provider-alternatives,true
"ott navigator premium",50,Commercial,/ott-navigator,false
"ott pro box",50,Commercial,/ott-navigator,false
"paid iptv",50,Commercial,/premium-iptv,false
"panda iptv",50,Commercial,/iptv-provider-alternatives,true
"pandaiptv",50,Commercial,/iptv-provider-alternatives,true
"pandar iptv",50,Commercial,/iptv-provider-alternatives,true
"pelican iptv",50,Commercial,/iptv-provider-alternatives,true
"perfect iptv",50,Commercial,/iptv-provider-alternatives,true
"perfectiptv",50,Commercial,/iptv-provider-alternatives,true
"phoenix iptv",50,Commercial,/iptv-provider-alternatives,true
"platinum iptv",50,Commercial,/premium-iptv,false
"play list iptv",50,Informational,/iptv-list,false
"playiptv",50,Commercial,/iptv-provider-alternatives,true
"plex iptv m3u",50,Informational,/iptv-plex-emby-jellyfin,false
"plex m3u",50,Informational,/iptv-plex-emby-jellyfin,false
"plus iptv",50,Commercial,/iptv-provider-alternatives,true
"pluto iptv",50,Commercial,/iptv-plex-emby-jellyfin,false
"pluto tv m3u",50,Informational,/iptv-plex-emby-jellyfin,false
"premier iptv",50,Commercial,/iptv-provider-alternatives,true
"prestige iptv",50,Commercial,/premium-iptv,false
"primeiptv",50,Commercial,/iptv-provider-alternatives,true
"prix iptv",50,Commercial,/fr/abonnement-iptv,false
"pro iptv",50,Commercial,/iptv-provider-alternatives,true
"pure iptv",50,Commercial,/iptv-provider-alternatives,true
"pureiptv",50,Commercial,/iptv-provider-alternatives,true
"purple iptv",50,Commercial,/iptv-provider-alternatives,true
"quzu iptv",50,Commercial,/iptv-provider-alternatives,true
"quzu tv",50,Commercial,/iptv-provider-alternatives,true
"rapidiptv",50,Commercial,/iptv-provider-alternatives,true
"real iptv",50,Commercial,/iptv-provider-alternatives,true
"realiptv",50,Commercial,/iptv-provider-alternatives,true
"reddit tivimate",50,Informational,/tivimate,false
"rediptv",50,Commercial,/iptv-provider-alternatives,true
"redline iptv",50,Commercial,/iptv-provider-alternatives,true
"roku express iptv",50,Informational,/iptv-roku-canada,false
"room iptv",50,Commercial,/iptv-provider-alternatives,true
"roomiptv",50,Commercial,/iptv-provider-alternatives,true
"royal iptv",50,Commercial,/iptv-provider-alternatives,true
"royaliptv",50,Commercial,/iptv-provider-alternatives,true
"samsung iptv smarters",50,Informational,/iptv-smarters-pro-download,false
"samsung tizen iptv",50,Informational,/iptv-samsung-tv-canada,false
"sapphire iptv",50,Commercial,/iptv-provider-alternatives,true
"sapphire tv",50,Commercial,/iptv-provider-alternatives,true
"sat iptv",50,Commercial,/iptv-provider-alternatives,true
"simpleiptv",50,Commercial,/iptv-provider-alternatives,true
"sip tv",50,Commercial,/siptv-app,false
"siptv list",50,Informational,/siptv-app,false
"siptv my list",50,Informational,/siptv-app,false
"sky iptv",50,Commercial,/iptv-provider-alternatives,true
"skyline iptv",50,Commercial,/iptv-provider-alternatives,true
"sleek iptv",50,Commercial,/iptv-provider-alternatives,true
"smart iptv android tv",50,Informational,/smart-iptv-app,false
"smart iptv com",50,Commercial,/smart-iptv-app,false
"smart iptv downloader",50,Informational,/smart-iptv-app,false
"smart iptv fire stick",50,Informational,/iptv-smarters-pro-firestick,false
"smart iptv firestick",50,Informational,/iptv-smarters-pro-firestick,false
"smart iptv list",50,Informational,/smart-iptv-app,false
"smart iptv m3u",50,Informational,/smart-iptv-app,false
"smart iptv mac",50,Informational,/smart-iptv-app,false
"smart iptv my list",50,Informational,/smart-iptv-app,false
"smart iptv pc",50,Informational,/smart-iptv-app,false
"smart iptv premium",50,Commercial,/smart-iptv-app,false
"smart iptv samsung",50,Informational,/smart-iptv-app,false
"smart iptv sony",50,Informational,/smart-iptv-app,false
"smart plus iptv",50,Commercial,/smart-iptv-app,false
"smart pro iptv",50,Commercial,/smart-iptv-app,false
"smart stb tv",50,Commercial,/smart-iptv-app,false
"smarter player pro",50,Commercial,/iptv-smarters-pro-download,false
"smarters iptv firestick",50,Commercial,/iptv-smarters-pro-firestick,false
"smarters lite",50,Commercial,/iptv-smarters-lite,false
"smarters player lite chromecast",50,Informational,/iptv-smarters-pro-pc-mac,false
"smarters player lite firestick",50,Commercial,/iptv-smarters-pro-firestick,false
"smarters player lite samsung tv",50,Informational,/iptv-smarters-pro-smart-tv,false
"smarters player lite sur tv samsung",50,Informational,/fr/iptv-smarters-pro,false
"smarters player lite tv",50,Informational,/iptv-smarters-lite,false
"smarters player pro",50,Commercial,/iptv-smarters-pro-smart-tv,false
"smarters player tv",50,Commercial,/iptv-smarters-pro-smart-tv,false
"smarters pro firestick",50,Commercial,/iptv-smarters-pro-firestick,false
"smarters pro lite",50,Commercial,/iptv-smarters-lite,false
"smarters pro pc",50,Informational,/iptv-smarters-pro-pc-mac,false
"smarters pro tv",50,Commercial,/iptv-smarters-pro-smart-tv,false
"smarters tv",50,Commercial,/iptv-smarters-pro-smart-tv,false
"smarters tv pro",50,Commercial,/iptv-provider-alternatives,true
"smarterstv",50,Commercial,/iptv-smarters-pro-smart-tv,false
"smartgo iptv",50,Commercial,/iptv-provider-alternatives,true
"smartone iptv com",50,Commercial,/iptv-web-browser,false
"smartone iptv com generate",50,Commercial,/iptv-provider-alternatives,true
"smartone iptv generate",50,Commercial,/iptv-provider-alternatives,true
"smasters player lite télécharger",50,Informational,/fr/iptv-smarters-pro,false
"sniper iptv",50,Commercial,/iptv-provider-alternatives,true
"soplayer iptv",50,Commercial,/iptv-player,false
"space iptv",50,Commercial,/iptv-provider-alternatives,true
"spider iptv",50,Commercial,/iptv-provider-alternatives,true
"sportz iptv",50,Commercial,/iptv-sports,false
"sportz tv iptv",50,Commercial,/iptv-sports,false
"sstv iptv",50,Commercial,/iptv-provider-alternatives,true
"star iptv",50,Commercial,/iptv-provider-alternatives,true
"stariptv",50,Commercial,/iptv-provider-alternatives,true
"starlink iptv",50,Informational,/iptv-provider-alternatives,true
"starsat iptv",50,Commercial,/iptv-provider-alternatives,true
"stbemu 4k",50,Commercial,/stbemu,false
"stbemu pro firestick",50,Commercial,/stbemu,false
"streamy iptv",50,Commercial,/iptv-service-canada,false
"streamz iptv",50,Commercial,/iptv-service-canada,false
"strymtv for pc",50,Commercial,/iptv-windows-canada,false
"super iptv",50,Commercial,/iptv-provider-alternatives,true
"supernova iptv",50,Commercial,/iptv-provider-alternatives,true
"tanggula x5",50,Commercial,/best-android-tv-box,false
"tele iptv",50,Commercial,/iptv-provider-alternatives,true
"the best iptv",50,Commercial,/best-iptv-service,false
"the best iptv service",50,Commercial,/best-iptv-service,false
"thunder iptv",50,Commercial,/iptv-provider-alternatives,true
"tiger iptv",50,Commercial,/iptv-provider-alternatives,true
"tivimate account premium",50,Commercial,/tivimate-premium,false
"tivimate android tv",50,Informational,/tivimate-firestick,false
"tivimate chromecast",50,Informational,/tivimate-firestick,false
"tivimate companion iphone",50,Informational,/tivimate-pc-mac,false
"tivimate for pc",50,Informational,/tivimate-pc-mac,false
"tivimate iptv player premium",50,Commercial,/tivimate-premium,false
"tivimate lg",50,Informational,/tivimate-smart-tv,false
"tivimate m3u",50,Informational,/tivimate,false
"tivimate mac",50,Informational,/tivimate-pc-mac,false
"tivimate pc",50,Informational,/tivimate-pc-mac,false
"tivimate player",50,Commercial,/tivimate,false
"tivimate premium account",50,Commercial,/tivimate-premium,false
"tivimate premium firestick",50,Commercial,/tivimate-premium,false
"tivimate premium price",50,Commercial,/tivimate-premium,false
"tivimate premium prix",50,Commercial,/fr/abonnement-iptv,false
"tivimate samsung",50,Informational,/tivimate-smart-tv,false
"tivimate samsung tv",50,Informational,/tivimate-smart-tv,false
"tivimate website",50,Commercial,/tivimate,false
"tnt iptv",50,Commercial,/iptv-espn-sky-sports,false
"top 10 iptv",50,Commercial,/best-iptv-service,false
"top 5 iptv",50,Commercial,/best-iptv-service,false
"top1iptv",50,Commercial,/best-iptv-service,false
"trial iptv",50,Commercial,/free-trial,false
"troypoint live net tv",50,Commercial,/iptv-service-canada,false
"troypoint tivimate",50,Informational,/tivimate,false
"trustpilot iptv",50,Informational,/iptv-reviews,false
"tv ip box",50,Commercial,/iptv-box,false
"tv m3u",50,Informational,/iptv-m3u,false
"tv plus iptv",50,Commercial,/iptv-provider-alternatives,true
"tv smarters",50,Commercial,/iptv-smarters-pro-download,false
"tv smarters pro",50,Commercial,/iptv-smarters-pro-download,false
"tv team iptv",50,Commercial,/iptv-provider-alternatives,true
"tvip 605",50,Commercial,/tvip-iptv-box,false
"tvip s box 605",50,Commercial,/tvip-iptv-box,false
"tvip s box v 525",50,Commercial,/tvip-iptv-box,false
"tvip s box v 605",50,Commercial,/tvip-iptv-box,false
"tvzon",50,Commercial,/iptv-provider-alternatives,true
"ugoos am7",50,Commercial,/best-android-tv-box,false
"ukiptv",50,Commercial,/iptv-provider-alternatives,true
"ultimate iptv",50,Commercial,/iptv-provider-alternatives,true
"unifi iptv",50,Commercial,/iptv-provider-alternatives,true
"universal iptv",50,Commercial,/iptv-provider-alternatives,true
"universe iptv",50,Commercial,/iptv-provider-alternatives,true
"unoiptv",50,Commercial,/iptv-provider-alternatives,true
"vavoo iptv",50,Commercial,/iptv-kodi,false
"vavoo kodi",50,Informational,/iptv-kodi,false
"venom iptv",50,Commercial,/iptv-provider-alternatives,true
"vidaa iptv",50,Informational,/iptv-sony-hisense-tv,false
"viper iptv",50,Commercial,/iptv-provider-alternatives,true
"vipiptv",50,Commercial,/iptv-provider-alternatives,true
"vision iptv",50,Commercial,/iptv-provider-alternatives,true
"vod m3u",50,Informational,/iptv-vod-movies-series,false
"voodoo iptv",50,Commercial,/iptv-provider-alternatives,true
"watch iptv",50,Commercial,/iptv-service-canada,false
"watched iptv",50,Commercial,/iptv-service-canada,false
"web iptv smarters",50,Informational,/iptv-smarters-pro-pc-mac,false
"webos iptv",50,Informational,/nanomid,false
"wise iptv",50,Commercial,/iptv-provider-alternatives,true
"wise iptv player",50,Commercial,/iptv-player,false
"wizard iptv",50,Commercial,/iptv-provider-alternatives,true
"wolf iptv",50,Commercial,/iptv-provider-alternatives,true
"world cup iptv",50,Commercial,/iptv-soccer,false
"worldwide iptv",50,Commercial,/iptv-provider-alternatives,true
"x iptv",50,Commercial,/iptv-provider-alternatives,true
"xciptv firestick",50,Commercial,/iptv-smarters-pro-firestick,false
"xciptv for firestick",50,Commercial,/iptv-smarters-pro-firestick,false
"xciptv pro",50,Commercial,/xciptv,false
"xciptv tv",50,Commercial,/xciptv,false
"xiaomi iptv",50,Commercial,/best-android-tv-box,false
"xiaomi iptv box",50,Commercial,/best-android-tv-box,false
"xiptv",50,Commercial,/iptv-provider-alternatives,true
"xtream iptv m3u",50,Informational,/xtream-iptv-player,false
"xtream tv",50,Commercial,/xtream-iptv-player,false
"xtreamtv",50,Commercial,/xtream-iptv-player,false
"xtreme hd iptv reddit",50,Commercial,/xtream-iptv-player,false
"yeah iptv",50,Commercial,/iptv-provider-alternatives,true
"zina iptv",50,Commercial,/iptv-provider-alternatives,true
"zoom iptv",50,Commercial,/iptv-provider-alternatives,true